Category,Category_Link,URL
Cheese Lovers,https://glovoapp.com/en/bcn/store/super-glovo/group/24736111/,https://glovoapp.com/en/bcn/store/super-glovo/collection/151923130/
Cheese Lovers,https://glovoapp.com/en/bcn/store/super-glovo/group/24736111/,https://glovoapp.com/en/bcn/store/super-glovo/collection/151923130/
Cheese Lovers,https://glovoapp.com/en/bcn/store/super-glovo/group/24736111/,https://glovoapp.com/en/bcn/store/super-glovo/collection/151923228/
Cheese Lovers,https://glovoapp.com/en/bcn/store/super-glovo/group/24736111/,https://glovoapp.com/en/bcn/store/super-glovo/collection/151923228/
Cheese Lovers,https://glovoapp.com/en/bcn/store/super-glovo/group/24736111/,https://glovoapp.com/en/bcn/store/super-glovo/collection/151923248/
Cheese Lovers,https://glovoapp.com/en/bcn/store/super-glovo/group/24736111/,https://glovoapp.com/en/bcn/store/super-glovo/collection/151923248/
Cheese Lovers,https://glovoapp.com/en/bcn/store/super-glovo/group/24736111/,https://glovoapp.com/en/bcn/store/super-glovo/collection/151923186/
Cheese Lovers,https://glovoapp.com/en/bcn/store/super-glovo/group/24736111/,https://glovoapp.com/en/bcn/store/super-glovo/collection/151923186/
Cheese Lovers,https://glovoapp.com/en/bcn/store/super-glovo/group/24736111/,https://glovoapp.com/en/bcn/store/super-glovo/collection/151923118/
Cheese Lovers,https://glovoapp.com/en/bcn/store/super-glovo/group/24736111/,https://glovoapp.com/en/bcn/store/super-glovo/collection/151923118/
Cheese Lovers,https://glovoapp.com/en/bcn/store/super-glovo/group/24736111/,https://glovoapp.com/en/bcn/store/super-glovo/collection/151923223/
Cheese Lovers,https://glovoapp.com/en/bcn/store/super-glovo/group/24736111/,https://glovoapp.com/en/bcn/store/super-glovo/collection/151923223/
Cheese Lovers,https://glovoapp.com/en/bcn/store/super-glovo/group/24736111/,https://glovoapp.com/en/bcn/store/super-glovo/collection/151923130/
Cheese Lovers,https://glovoapp.com/en/bcn/store/super-glovo/group/24736111/,https://glovoapp.com/en/bcn/store/super-glovo/collection/151923228/
Cheese Lovers,https://glovoapp.com/en/bcn/store/super-glovo/group/24736111/,https://glovoapp.com/en/bcn/store/super-glovo/collection/151923248/
Cheese Lovers,https://glovoapp.com/en/bcn/store/super-glovo/group/24736111/,https://glovoapp.com/en/bcn/store/super-glovo/collection/151923186/
Cheese Lovers,https://glovoapp.com/en/bcn/store/super-glovo/group/24736111/,https://glovoapp.com/en/bcn/store/super-glovo/collection/151923118/
Cheese Lovers,https://glovoapp.com/en/bcn/store/super-glovo/group/24736111/,https://glovoapp.com/en/bcn/store/super-glovo/collection/151923223/
Healthy Weeks,https://glovoapp.com/en/bcn/store/super-glovo/group/24736112/,https://glovoapp.com/en/bcn/store/super-glovo/collection/151923489/
Healthy Weeks,https://glovoapp.com/en/bcn/store/super-glovo/group/24736112/,https://glovoapp.com/en/bcn/store/super-glovo/collection/151923489/
Healthy Weeks,https://glovoapp.com/en/bcn/store/super-glovo/group/24736112/,https://glovoapp.com/en/bcn/store/super-glovo/collection/151923801/
Healthy Weeks,https://glovoapp.com/en/bcn/store/super-glovo/group/24736112/,https://glovoapp.com/en/bcn/store/super-glovo/collection/151923801/
Healthy Weeks,https://glovoapp.com/en/bcn/store/super-glovo/group/24736112/,https://glovoapp.com/en/bcn/store/super-glovo/collection/151923794/
Healthy Weeks,https://glovoapp.com/en/bcn/store/super-glovo/group/24736112/,https://glovoapp.com/en/bcn/store/super-glovo/collection/151923794/
Healthy Weeks,https://glovoapp.com/en/bcn/store/super-glovo/group/24736112/,https://glovoapp.com/en/bcn/store/super-glovo/collection/151923746/
Healthy Weeks,https://glovoapp.com/en/bcn/store/super-glovo/group/24736112/,https://glovoapp.com/en/bcn/store/super-glovo/collection/151923746/
Healthy Weeks,https://glovoapp.com/en/bcn/store/super-glovo/group/24736112/,https://glovoapp.com/en/bcn/store/super-glovo/collection/151923135/
Healthy Weeks,https://glovoapp.com/en/bcn/store/super-glovo/group/24736112/,https://glovoapp.com/en/bcn/store/super-glovo/collection/151923135/
Healthy Weeks,https://glovoapp.com/en/bcn/store/super-glovo/group/24736112/,https://glovoapp.com/en/bcn/store/super-glovo/collection/151923128/
Healthy Weeks,https://glovoapp.com/en/bcn/store/super-glovo/group/24736112/,https://glovoapp.com/en/bcn/store/super-glovo/collection/151923128/
Healthy Weeks,https://glovoapp.com/en/bcn/store/super-glovo/group/24736112/,https://glovoapp.com/en/bcn/store/super-glovo/collection/151923489/
Healthy Weeks,https://glovoapp.com/en/bcn/store/super-glovo/group/24736112/,https://glovoapp.com/en/bcn/store/super-glovo/collection/151923801/
Healthy Weeks,https://glovoapp.com/en/bcn/store/super-glovo/group/24736112/,https://glovoapp.com/en/bcn/store/super-glovo/collection/151923794/
Healthy Weeks,https://glovoapp.com/en/bcn/store/super-glovo/group/24736112/,https://glovoapp.com/en/bcn/store/super-glovo/collection/151923746/
Healthy Weeks,https://glovoapp.com/en/bcn/store/super-glovo/group/24736112/,https://glovoapp.com/en/bcn/store/super-glovo/collection/151923135/
Healthy Weeks,https://glovoapp.com/en/bcn/store/super-glovo/group/24736112/,https://glovoapp.com/en/bcn/store/super-glovo/collection/151923128/
Novedades,https://glovoapp.com/en/bcn/store/super-glovo/group/24736113/,https://glovoapp.com/en/bcn/store/super-glovo/collection/151923119/
Novedades,https://glovoapp.com/en/bcn/store/super-glovo/group/24736113/,https://glovoapp.com/en/bcn/store/super-glovo/collection/151923119/
Novedades,https://glovoapp.com/en/bcn/store/super-glovo/group/24736113/,https://glovoapp.com/en/bcn/store/super-glovo/collection/151923119/
Pan Recién Horneado,https://glovoapp.com/en/bcn/store/super-glovo/group/24736114/,https://glovoapp.com/en/bcn/store/super-glovo/collection/151923967/
Pan Recién Horneado,https://glovoapp.com/en/bcn/store/super-glovo/group/24736114/,https://glovoapp.com/en/bcn/store/super-glovo/collection/151923967/
Pan Recién Horneado,https://glovoapp.com/en/bcn/store/super-glovo/group/24736114/,https://glovoapp.com/en/bcn/store/super-glovo/collection/151923967/
Aguas y Refrescos,https://glovoapp.com/en/bcn/store/super-glovo/group/24736115/,https://glovoapp.com/en/bcn/store/super-glovo/collection/151923165/
Aguas y Refrescos,https://glovoapp.com/en/bcn/store/super-glovo/group/24736115/,https://glovoapp.com/en/bcn/store/super-glovo/collection/151923165/
Aguas y Refrescos,https://glovoapp.com/en/bcn/store/super-glovo/group/24736115/,https://glovoapp.com/en/bcn/store/super-glovo/collection/151923159/
Aguas y Refrescos,https://glovoapp.com/en/bcn/store/super-glovo/group/24736115/,https://glovoapp.com/en/bcn/store/super-glovo/collection/151923159/
Aguas y Refrescos,https://glovoapp.com/en/bcn/store/super-glovo/group/24736115/,https://glovoapp.com/en/bcn/store/super-glovo/collection/151923143/
Aguas y Refrescos,https://glovoapp.com/en/bcn/store/super-glovo/group/24736115/,https://glovoapp.com/en/bcn/store/super-glovo/collection/151923143/
Aguas y Refrescos,https://glovoapp.com/en/bcn/store/super-glovo/group/24736115/,https://glovoapp.com/en/bcn/store/super-glovo/collection/151923696/
Aguas y Refrescos,https://glovoapp.com/en/bcn/store/super-glovo/group/24736115/,https://glovoapp.com/en/bcn/store/super-glovo/collection/151923696/
Aguas y Refrescos,https://glovoapp.com/en/bcn/store/super-glovo/group/24736115/,https://glovoapp.com/en/bcn/store/super-glovo/collection/151923251/
Aguas y Refrescos,https://glovoapp.com/en/bcn/store/super-glovo/group/24736115/,https://glovoapp.com/en/bcn/store/super-glovo/collection/151923251/
Aguas y Refrescos,https://glovoapp.com/en/bcn/store/super-glovo/group/24736115/,https://glovoapp.com/en/bcn/store/super-glovo/collection/151923165/
Aguas y Refrescos,https://glovoapp.com/en/bcn/store/super-glovo/group/24736115/,https://glovoapp.com/en/bcn/store/super-glovo/collection/151923159/
Aguas y Refrescos,https://glovoapp.com/en/bcn/store/super-glovo/group/24736115/,https://glovoapp.com/en/bcn/store/super-glovo/collection/151923143/
Aguas y Refrescos,https://glovoapp.com/en/bcn/store/super-glovo/group/24736115/,https://glovoapp.com/en/bcn/store/super-glovo/collection/151923696/
Aguas y Refrescos,https://glovoapp.com/en/bcn/store/super-glovo/group/24736115/,https://glovoapp.com/en/bcn/store/super-glovo/collection/151923251/
Licor y Cervezas,https://glovoapp.com/en/bcn/store/super-glovo/group/24736116/,https://glovoapp.com/en/bcn/store/super-glovo/collection/151923694/
Licor y Cervezas,https://glovoapp.com/en/bcn/store/super-glovo/group/24736116/,https://glovoapp.com/en/bcn/store/super-glovo/collection/151923694/
Licor y Cervezas,https://glovoapp.com/en/bcn/store/super-glovo/group/24736116/,https://glovoapp.com/en/bcn/store/super-glovo/collection/151923246/
Licor y Cervezas,https://glovoapp.com/en/bcn/store/super-glovo/group/24736116/,https://glovoapp.com/en/bcn/store/super-glovo/collection/151923246/
Licor y Cervezas,https://glovoapp.com/en/bcn/store/super-glovo/group/24736116/,https://glovoapp.com/en/bcn/store/super-glovo/collection/151923136/
Licor y Cervezas,https://glovoapp.com/en/bcn/store/super-glovo/group/24736116/,https://glovoapp.com/en/bcn/store/super-glovo/collection/151923136/
Licor y Cervezas,https://glovoapp.com/en/bcn/store/super-glovo/group/24736116/,https://glovoapp.com/en/bcn/store/super-glovo/collection/151923189/
Licor y Cervezas,https://glovoapp.com/en/bcn/store/super-glovo/group/24736116/,https://glovoapp.com/en/bcn/store/super-glovo/collection/151923189/
Licor y Cervezas,https://glovoapp.com/en/bcn/store/super-glovo/group/24736116/,https://glovoapp.com/en/bcn/store/super-glovo/collection/151923231/
Licor y Cervezas,https://glovoapp.com/en/bcn/store/super-glovo/group/24736116/,https://glovoapp.com/en/bcn/store/super-glovo/collection/151923231/
Licor y Cervezas,https://glovoapp.com/en/bcn/store/super-glovo/group/24736116/,https://glovoapp.com/en/bcn/store/super-glovo/collection/151923229/
Licor y Cervezas,https://glovoapp.com/en/bcn/store/super-glovo/group/24736116/,https://glovoapp.com/en/bcn/store/super-glovo/collection/151923229/
Licor y Cervezas,https://glovoapp.com/en/bcn/store/super-glovo/group/24736116/,https://glovoapp.com/en/bcn/store/super-glovo/collection/151923797/
Licor y Cervezas,https://glovoapp.com/en/bcn/store/super-glovo/group/24736116/,https://glovoapp.com/en/bcn/store/super-glovo/collection/151923797/
Licor y Cervezas,https://glovoapp.com/en/bcn/store/super-glovo/group/24736116/,https://glovoapp.com/en/bcn/store/super-glovo/collection/151923694/
Licor y Cervezas,https://glovoapp.com/en/bcn/store/super-glovo/group/24736116/,https://glovoapp.com/en/bcn/store/super-glovo/collection/151923246/
Licor y Cervezas,https://glovoapp.com/en/bcn/store/super-glovo/group/24736116/,https://glovoapp.com/en/bcn/store/super-glovo/collection/151923136/
Licor y Cervezas,https://glovoapp.com/en/bcn/store/super-glovo/group/24736116/,https://glovoapp.com/en/bcn/store/super-glovo/collection/151923189/
Licor y Cervezas,https://glovoapp.com/en/bcn/store/super-glovo/group/24736116/,https://glovoapp.com/en/bcn/store/super-glovo/collection/151923231/
Licor y Cervezas,https://glovoapp.com/en/bcn/store/super-glovo/group/24736116/,https://glovoapp.com/en/bcn/store/super-glovo/collection/151923229/
Licor y Cervezas,https://glovoapp.com/en/bcn/store/super-glovo/group/24736116/,https://glovoapp.com/en/bcn/store/super-glovo/collection/151923797/
Desayuno y Galletas,https://glovoapp.com/en/bcn/store/super-glovo/group/24736117/,https://glovoapp.com/en/bcn/store/super-glovo/collection/151923148/
Desayuno y Galletas,https://glovoapp.com/en/bcn/store/super-glovo/group/24736117/,https://glovoapp.com/en/bcn/store/super-glovo/collection/151923148/
Desayuno y Galletas,https://glovoapp.com/en/bcn/store/super-glovo/group/24736117/,https://glovoapp.com/en/bcn/store/super-glovo/collection/151923120/
Desayuno y Galletas,https://glovoapp.com/en/bcn/store/super-glovo/group/24736117/,https://glovoapp.com/en/bcn/store/super-glovo/collection/151923120/
Desayuno y Galletas,https://glovoapp.com/en/bcn/store/super-glovo/group/24736117/,https://glovoapp.com/en/bcn/store/super-glovo/collection/151923226/
Desayuno y Galletas,https://glovoapp.com/en/bcn/store/super-glovo/group/24736117/,https://glovoapp.com/en/bcn/store/super-glovo/collection/151923226/
Desayuno y Galletas,https://glovoapp.com/en/bcn/store/super-glovo/group/24736117/,https://glovoapp.com/en/bcn/store/super-glovo/collection/151923250/
Desayuno y Galletas,https://glovoapp.com/en/bcn/store/super-glovo/group/24736117/,https://glovoapp.com/en/bcn/store/super-glovo/collection/151923250/
Desayuno y Galletas,https://glovoapp.com/en/bcn/store/super-glovo/group/24736117/,https://glovoapp.com/en/bcn/store/super-glovo/collection/151923176/
Desayuno y Galletas,https://glovoapp.com/en/bcn/store/super-glovo/group/24736117/,https://glovoapp.com/en/bcn/store/super-glovo/collection/151923176/
Desayuno y Galletas,https://glovoapp.com/en/bcn/store/super-glovo/group/24736117/,https://glovoapp.com/en/bcn/store/super-glovo/collection/151923116/
Desayuno y Galletas,https://glovoapp.com/en/bcn/store/super-glovo/group/24736117/,https://glovoapp.com/en/bcn/store/super-glovo/collection/151923116/
Desayuno y Galletas,https://glovoapp.com/en/bcn/store/super-glovo/group/24736117/,https://glovoapp.com/en/bcn/store/super-glovo/collection/151923134/
Desayuno y Galletas,https://glovoapp.com/en/bcn/store/super-glovo/group/24736117/,https://glovoapp.com/en/bcn/store/super-glovo/collection/151923134/
Desayuno y Galletas,https://glovoapp.com/en/bcn/store/super-glovo/group/24736117/,https://glovoapp.com/en/bcn/store/super-glovo/collection/151923163/
Desayuno y Galletas,https://glovoapp.com/en/bcn/store/super-glovo/group/24736117/,https://glovoapp.com/en/bcn/store/super-glovo/collection/151923163/
Desayuno y Galletas,https://glovoapp.com/en/bcn/store/super-glovo/group/24736117/,https://glovoapp.com/en/bcn/store/super-glovo/collection/151923164/
Desayuno y Galletas,https://glovoapp.com/en/bcn/store/super-glovo/group/24736117/,https://glovoapp.com/en/bcn/store/super-glovo/collection/151923164/
Desayuno y Galletas,https://glovoapp.com/en/bcn/store/super-glovo/group/24736117/,https://glovoapp.com/en/bcn/store/super-glovo/collection/151923145/
Desayuno y Galletas,https://glovoapp.com/en/bcn/store/super-glovo/group/24736117/,https://glovoapp.com/en/bcn/store/super-glovo/collection/151923145/
Desayuno y Galletas,https://glovoapp.com/en/bcn/store/super-glovo/group/24736117/,https://glovoapp.com/en/bcn/store/super-glovo/collection/151923188/
Desayuno y Galletas,https://glovoapp.com/en/bcn/store/super-glovo/group/24736117/,https://glovoapp.com/en/bcn/store/super-glovo/collection/151923188/
Desayuno y Galletas,https://glovoapp.com/en/bcn/store/super-glovo/group/24736117/,https://glovoapp.com/en/bcn/store/super-glovo/collection/151923129/
Desayuno y Galletas,https://glovoapp.com/en/bcn/store/super-glovo/group/24736117/,https://glovoapp.com/en/bcn/store/super-glovo/collection/151923129/
Desayuno y Galletas,https://glovoapp.com/en/bcn/store/super-glovo/group/24736117/,https://glovoapp.com/en/bcn/store/super-glovo/collection/151923938/
Desayuno y Galletas,https://glovoapp.com/en/bcn/store/super-glovo/group/24736117/,https://glovoapp.com/en/bcn/store/super-glovo/collection/151923938/
Desayuno y Galletas,https://glovoapp.com/en/bcn/store/super-glovo/group/24736117/,https://glovoapp.com/en/bcn/store/super-glovo/collection/151923148/
Desayuno y Galletas,https://glovoapp.com/en/bcn/store/super-glovo/group/24736117/,https://glovoapp.com/en/bcn/store/super-glovo/collection/151923120/
Desayuno y Galletas,https://glovoapp.com/en/bcn/store/super-glovo/group/24736117/,https://glovoapp.com/en/bcn/store/super-glovo/collection/151923226/
Desayuno y Galletas,https://glovoapp.com/en/bcn/store/super-glovo/group/24736117/,https://glovoapp.com/en/bcn/store/super-glovo/collection/151923250/
Desayuno y Galletas,https://glovoapp.com/en/bcn/store/super-glovo/group/24736117/,https://glovoapp.com/en/bcn/store/super-glovo/collection/151923176/
Desayuno y Galletas,https://glovoapp.com/en/bcn/store/super-glovo/group/24736117/,https://glovoapp.com/en/bcn/store/super-glovo/collection/151923116/
Desayuno y Galletas,https://glovoapp.com/en/bcn/store/super-glovo/group/24736117/,https://glovoapp.com/en/bcn/store/super-glovo/collection/151923134/
Desayuno y Galletas,https://glovoapp.com/en/bcn/store/super-glovo/group/24736117/,https://glovoapp.com/en/bcn/store/super-glovo/collection/151923163/
Desayuno y Galletas,https://glovoapp.com/en/bcn/store/super-glovo/group/24736117/,https://glovoapp.com/en/bcn/store/super-glovo/collection/151923164/
Desayuno y Galletas,https://glovoapp.com/en/bcn/store/super-glovo/group/24736117/,https://glovoapp.com/en/bcn/store/super-glovo/collection/151923145/
Desayuno y Galletas,https://glovoapp.com/en/bcn/store/super-glovo/group/24736117/,https://glovoapp.com/en/bcn/store/super-glovo/collection/151923188/
Desayuno y Galletas,https://glovoapp.com/en/bcn/store/super-glovo/group/24736117/,https://glovoapp.com/en/bcn/store/super-glovo/collection/151923129/
Desayuno y Galletas,https://glovoapp.com/en/bcn/store/super-glovo/group/24736117/,https://glovoapp.com/en/bcn/store/super-glovo/collection/151923938/
Zumo de Naranja Natural,https://glovoapp.com/en/bcn/store/super-glovo/group/24736118/,https://glovoapp.com/en/bcn/store/super-glovo/collection/151923792/
Zumo de Naranja Natural,https://glovoapp.com/en/bcn/store/super-glovo/group/24736118/,https://glovoapp.com/en/bcn/store/super-glovo/collection/151923792/
Zumo de Naranja Natural,https://glovoapp.com/en/bcn/store/super-glovo/group/24736118/,https://glovoapp.com/en/bcn/store/super-glovo/collection/151923792/
Huevos y Lácteos,https://glovoapp.com/en/bcn/store/super-glovo/group/24736119/,https://glovoapp.com/en/bcn/store/super-glovo/collection/151923692/
Huevos y Lácteos,https://glovoapp.com/en/bcn/store/super-glovo/group/24736119/,https://glovoapp.com/en/bcn/store/super-glovo/collection/151923692/
Huevos y Lácteos,https://glovoapp.com/en/bcn/store/super-glovo/group/24736119/,https://glovoapp.com/en/bcn/store/super-glovo/collection/151923124/
Huevos y Lácteos,https://glovoapp.com/en/bcn/store/super-glovo/group/24736119/,https://glovoapp.com/en/bcn/store/super-glovo/collection/151923124/
Huevos y Lácteos,https://glovoapp.com/en/bcn/store/super-glovo/group/24736119/,https://glovoapp.com/en/bcn/store/super-glovo/collection/151923150/
Huevos y Lácteos,https://glovoapp.com/en/bcn/store/super-glovo/group/24736119/,https://glovoapp.com/en/bcn/store/super-glovo/collection/151923150/
Huevos y Lácteos,https://glovoapp.com/en/bcn/store/super-glovo/group/24736119/,https://glovoapp.com/en/bcn/store/super-glovo/collection/151923122/
Huevos y Lácteos,https://glovoapp.com/en/bcn/store/super-glovo/group/24736119/,https://glovoapp.com/en/bcn/store/super-glovo/collection/151923122/
Huevos y Lácteos,https://glovoapp.com/en/bcn/store/super-glovo/group/24736119/,https://glovoapp.com/en/bcn/store/super-glovo/collection/151923142/
Huevos y Lácteos,https://glovoapp.com/en/bcn/store/super-glovo/group/24736119/,https://glovoapp.com/en/bcn/store/super-glovo/collection/151923142/
Huevos y Lácteos,https://glovoapp.com/en/bcn/store/super-glovo/group/24736119/,https://glovoapp.com/en/bcn/store/super-glovo/collection/151923140/
Huevos y Lácteos,https://glovoapp.com/en/bcn/store/super-glovo/group/24736119/,https://glovoapp.com/en/bcn/store/super-glovo/collection/151923140/
Huevos y Lácteos,https://glovoapp.com/en/bcn/store/super-glovo/group/24736119/,https://glovoapp.com/en/bcn/store/super-glovo/collection/151923692/
Huevos y Lácteos,https://glovoapp.com/en/bcn/store/super-glovo/group/24736119/,https://glovoapp.com/en/bcn/store/super-glovo/collection/151923124/
Huevos y Lácteos,https://glovoapp.com/en/bcn/store/super-glovo/group/24736119/,https://glovoapp.com/en/bcn/store/super-glovo/collection/151923150/
Huevos y Lácteos,https://glovoapp.com/en/bcn/store/super-glovo/group/24736119/,https://glovoapp.com/en/bcn/store/super-glovo/collection/151923122/
Huevos y Lácteos,https://glovoapp.com/en/bcn/store/super-glovo/group/24736119/,https://glovoapp.com/en/bcn/store/super-glovo/collection/151923142/
Huevos y Lácteos,https://glovoapp.com/en/bcn/store/super-glovo/group/24736119/,https://glovoapp.com/en/bcn/store/super-glovo/collection/151923140/
Frutas y Verduras,https://glovoapp.com/en/bcn/store/super-glovo/group/24736120/,https://glovoapp.com/en/bcn/store/super-glovo/collection/151923346/
Frutas y Verduras,https://glovoapp.com/en/bcn/store/super-glovo/group/24736120/,https://glovoapp.com/en/bcn/store/super-glovo/collection/151923346/
Frutas y Verduras,https://glovoapp.com/en/bcn/store/super-glovo/group/24736120/,https://glovoapp.com/en/bcn/store/super-glovo/collection/151923624/
Frutas y Verduras,https://glovoapp.com/en/bcn/store/super-glovo/group/24736120/,https://glovoapp.com/en/bcn/store/super-glovo/collection/151923624/
Frutas y Verduras,https://glovoapp.com/en/bcn/store/super-glovo/group/24736120/,https://glovoapp.com/en/bcn/store/super-glovo/collection/151923744/
Frutas y Verduras,https://glovoapp.com/en/bcn/store/super-glovo/group/24736120/,https://glovoapp.com/en/bcn/store/super-glovo/collection/151923744/
Frutas y Verduras,https://glovoapp.com/en/bcn/store/super-glovo/group/24736120/,https://glovoapp.com/en/bcn/store/super-glovo/collection/151923622/
Frutas y Verduras,https://glovoapp.com/en/bcn/store/super-glovo/group/24736120/,https://glovoapp.com/en/bcn/store/super-glovo/collection/151923622/
Frutas y Verduras,https://glovoapp.com/en/bcn/store/super-glovo/group/24736120/,https://glovoapp.com/en/bcn/store/super-glovo/collection/151923800/
Frutas y Verduras,https://glovoapp.com/en/bcn/store/super-glovo/group/24736120/,https://glovoapp.com/en/bcn/store/super-glovo/collection/151923800/
Frutas y Verduras,https://glovoapp.com/en/bcn/store/super-glovo/group/24736120/,https://glovoapp.com/en/bcn/store/super-glovo/collection/151923693/
Frutas y Verduras,https://glovoapp.com/en/bcn/store/super-glovo/group/24736120/,https://glovoapp.com/en/bcn/store/super-glovo/collection/151923693/
Frutas y Verduras,https://glovoapp.com/en/bcn/store/super-glovo/group/24736120/,https://glovoapp.com/en/bcn/store/super-glovo/collection/151923346/
Frutas y Verduras,https://glovoapp.com/en/bcn/store/super-glovo/group/24736120/,https://glovoapp.com/en/bcn/store/super-glovo/collection/151923624/
Frutas y Verduras,https://glovoapp.com/en/bcn/store/super-glovo/group/24736120/,https://glovoapp.com/en/bcn/store/super-glovo/collection/151923744/
Frutas y Verduras,https://glovoapp.com/en/bcn/store/super-glovo/group/24736120/,https://glovoapp.com/en/bcn/store/super-glovo/collection/151923622/
Frutas y Verduras,https://glovoapp.com/en/bcn/store/super-glovo/group/24736120/,https://glovoapp.com/en/bcn/store/super-glovo/collection/151923800/
Frutas y Verduras,https://glovoapp.com/en/bcn/store/super-glovo/group/24736120/,https://glovoapp.com/en/bcn/store/super-glovo/collection/151923693/
"Carne, Charcutería y Pescados",https://glovoapp.com/en/bcn/store/super-glovo/group/24736121/,https://glovoapp.com/en/bcn/store/super-glovo/collection/151923740/
"Carne, Charcutería y Pescados",https://glovoapp.com/en/bcn/store/super-glovo/group/24736121/,https://glovoapp.com/en/bcn/store/super-glovo/collection/151923740/
"Carne, Charcutería y Pescados",https://glovoapp.com/en/bcn/store/super-glovo/group/24736121/,https://glovoapp.com/en/bcn/store/super-glovo/collection/151923144/
"Carne, Charcutería y Pescados",https://glovoapp.com/en/bcn/store/super-glovo/group/24736121/,https://glovoapp.com/en/bcn/store/super-glovo/collection/151923144/
"Carne, Charcutería y Pescados",https://glovoapp.com/en/bcn/store/super-glovo/group/24736121/,https://glovoapp.com/en/bcn/store/super-glovo/collection/151923796/
"Carne, Charcutería y Pescados",https://glovoapp.com/en/bcn/store/super-glovo/group/24736121/,https://glovoapp.com/en/bcn/store/super-glovo/collection/151923796/
"Carne, Charcutería y Pescados",https://glovoapp.com/en/bcn/store/super-glovo/group/24736121/,https://glovoapp.com/en/bcn/store/super-glovo/collection/151923234/
"Carne, Charcutería y Pescados",https://glovoapp.com/en/bcn/store/super-glovo/group/24736121/,https://glovoapp.com/en/bcn/store/super-glovo/collection/151923234/
"Carne, Charcutería y Pescados",https://glovoapp.com/en/bcn/store/super-glovo/group/24736121/,https://glovoapp.com/en/bcn/store/super-glovo/collection/151923623/
"Carne, Charcutería y Pescados",https://glovoapp.com/en/bcn/store/super-glovo/group/24736121/,https://glovoapp.com/en/bcn/store/super-glovo/collection/151923623/
"Carne, Charcutería y Pescados",https://glovoapp.com/en/bcn/store/super-glovo/group/24736121/,https://glovoapp.com/en/bcn/store/super-glovo/collection/151923742/
"Carne, Charcutería y Pescados",https://glovoapp.com/en/bcn/store/super-glovo/group/24736121/,https://glovoapp.com/en/bcn/store/super-glovo/collection/151923742/
"Carne, Charcutería y Pescados",https://glovoapp.com/en/bcn/store/super-glovo/group/24736121/,https://glovoapp.com/en/bcn/store/super-glovo/collection/151923740/
"Carne, Charcutería y Pescados",https://glovoapp.com/en/bcn/store/super-glovo/group/24736121/,https://glovoapp.com/en/bcn/store/super-glovo/collection/151923144/
"Carne, Charcutería y Pescados",https://glovoapp.com/en/bcn/store/super-glovo/group/24736121/,https://glovoapp.com/en/bcn/store/super-glovo/collection/151923796/
"Carne, Charcutería y Pescados",https://glovoapp.com/en/bcn/store/super-glovo/group/24736121/,https://glovoapp.com/en/bcn/store/super-glovo/collection/151923234/
"Carne, Charcutería y Pescados",https://glovoapp.com/en/bcn/store/super-glovo/group/24736121/,https://glovoapp.com/en/bcn/store/super-glovo/collection/151923623/
"Carne, Charcutería y Pescados",https://glovoapp.com/en/bcn/store/super-glovo/group/24736121/,https://glovoapp.com/en/bcn/store/super-glovo/collection/151923742/
Dulces,https://glovoapp.com/en/bcn/store/super-glovo/group/24736122/,https://glovoapp.com/en/bcn/store/super-glovo/collection/151923964/
Dulces,https://glovoapp.com/en/bcn/store/super-glovo/group/24736122/,https://glovoapp.com/en/bcn/store/super-glovo/collection/151923964/
Dulces,https://glovoapp.com/en/bcn/store/super-glovo/group/24736122/,https://glovoapp.com/en/bcn/store/super-glovo/collection/151923185/
Dulces,https://glovoapp.com/en/bcn/store/super-glovo/group/24736122/,https://glovoapp.com/en/bcn/store/super-glovo/collection/151923185/
Dulces,https://glovoapp.com/en/bcn/store/super-glovo/group/24736122/,https://glovoapp.com/en/bcn/store/super-glovo/collection/151923131/
Dulces,https://glovoapp.com/en/bcn/store/super-glovo/group/24736122/,https://glovoapp.com/en/bcn/store/super-glovo/collection/151923131/
Dulces,https://glovoapp.com/en/bcn/store/super-glovo/group/24736122/,https://glovoapp.com/en/bcn/store/super-glovo/collection/151924942/
Dulces,https://glovoapp.com/en/bcn/store/super-glovo/group/24736122/,https://glovoapp.com/en/bcn/store/super-glovo/collection/151924942/
Dulces,https://glovoapp.com/en/bcn/store/super-glovo/group/24736122/,https://glovoapp.com/en/bcn/store/super-glovo/collection/151923127/
Dulces,https://glovoapp.com/en/bcn/store/super-glovo/group/24736122/,https://glovoapp.com/en/bcn/store/super-glovo/collection/151923127/
Dulces,https://glovoapp.com/en/bcn/store/super-glovo/group/24736122/,https://glovoapp.com/en/bcn/store/super-glovo/collection/151923141/
Dulces,https://glovoapp.com/en/bcn/store/super-glovo/group/24736122/,https://glovoapp.com/en/bcn/store/super-glovo/collection/151923141/
Dulces,https://glovoapp.com/en/bcn/store/super-glovo/group/24736122/,https://glovoapp.com/en/bcn/store/super-glovo/collection/151923191/
Dulces,https://glovoapp.com/en/bcn/store/super-glovo/group/24736122/,https://glovoapp.com/en/bcn/store/super-glovo/collection/151923191/
Dulces,https://glovoapp.com/en/bcn/store/super-glovo/group/24736122/,https://glovoapp.com/en/bcn/store/super-glovo/collection/151923220/
Dulces,https://glovoapp.com/en/bcn/store/super-glovo/group/24736122/,https://glovoapp.com/en/bcn/store/super-glovo/collection/151923220/
Dulces,https://glovoapp.com/en/bcn/store/super-glovo/group/24736122/,https://glovoapp.com/en/bcn/store/super-glovo/collection/151923964/
Dulces,https://glovoapp.com/en/bcn/store/super-glovo/group/24736122/,https://glovoapp.com/en/bcn/store/super-glovo/collection/151923185/
Dulces,https://glovoapp.com/en/bcn/store/super-glovo/group/24736122/,https://glovoapp.com/en/bcn/store/super-glovo/collection/151923131/
Dulces,https://glovoapp.com/en/bcn/store/super-glovo/group/24736122/,https://glovoapp.com/en/bcn/store/super-glovo/collection/151924942/
Dulces,https://glovoapp.com/en/bcn/store/super-glovo/group/24736122/,https://glovoapp.com/en/bcn/store/super-glovo/collection/151923127/
Dulces,https://glovoapp.com/en/bcn/store/super-glovo/group/24736122/,https://glovoapp.com/en/bcn/store/super-glovo/collection/151923141/
Dulces,https://glovoapp.com/en/bcn/store/super-glovo/group/24736122/,https://glovoapp.com/en/bcn/store/super-glovo/collection/151923191/
Dulces,https://glovoapp.com/en/bcn/store/super-glovo/group/24736122/,https://glovoapp.com/en/bcn/store/super-glovo/collection/151923220/
Helados,https://glovoapp.com/en/bcn/store/super-glovo/group/24736123/,https://glovoapp.com/en/bcn/store/super-glovo/collection/151923488/
Helados,https://glovoapp.com/en/bcn/store/super-glovo/group/24736123/,https://glovoapp.com/en/bcn/store/super-glovo/collection/151923488/
Helados,https://glovoapp.com/en/bcn/store/super-glovo/group/24736123/,https://glovoapp.com/en/bcn/store/super-glovo/collection/151923153/
Helados,https://glovoapp.com/en/bcn/store/super-glovo/group/24736123/,https://glovoapp.com/en/bcn/store/super-glovo/collection/151923153/
Helados,https://glovoapp.com/en/bcn/store/super-glovo/group/24736123/,https://glovoapp.com/en/bcn/store/super-glovo/collection/151923117/
Helados,https://glovoapp.com/en/bcn/store/super-glovo/group/24736123/,https://glovoapp.com/en/bcn/store/super-glovo/collection/151923117/
Helados,https://glovoapp.com/en/bcn/store/super-glovo/group/24736123/,https://glovoapp.com/en/bcn/store/super-glovo/collection/151923620/
Helados,https://glovoapp.com/en/bcn/store/super-glovo/group/24736123/,https://glovoapp.com/en/bcn/store/super-glovo/collection/151923620/
Helados,https://glovoapp.com/en/bcn/store/super-glovo/group/24736123/,https://glovoapp.com/en/bcn/store/super-glovo/collection/151923940/
Helados,https://glovoapp.com/en/bcn/store/super-glovo/group/24736123/,https://glovoapp.com/en/bcn/store/super-glovo/collection/151923940/
Helados,https://glovoapp.com/en/bcn/store/super-glovo/group/24736123/,https://glovoapp.com/en/bcn/store/super-glovo/collection/151924086/
Helados,https://glovoapp.com/en/bcn/store/super-glovo/group/24736123/,https://glovoapp.com/en/bcn/store/super-glovo/collection/151924086/
Helados,https://glovoapp.com/en/bcn/store/super-glovo/group/24736123/,https://glovoapp.com/en/bcn/store/super-glovo/collection/151923488/
Helados,https://glovoapp.com/en/bcn/store/super-glovo/group/24736123/,https://glovoapp.com/en/bcn/store/super-glovo/collection/151923153/
Helados,https://glovoapp.com/en/bcn/store/super-glovo/group/24736123/,https://glovoapp.com/en/bcn/store/super-glovo/collection/151923117/
Helados,https://glovoapp.com/en/bcn/store/super-glovo/group/24736123/,https://glovoapp.com/en/bcn/store/super-glovo/collection/151923620/
Helados,https://glovoapp.com/en/bcn/store/super-glovo/group/24736123/,https://glovoapp.com/en/bcn/store/super-glovo/collection/151923940/
Helados,https://glovoapp.com/en/bcn/store/super-glovo/group/24736123/,https://glovoapp.com/en/bcn/store/super-glovo/collection/151924086/
Snacks Salados,https://glovoapp.com/en/bcn/store/super-glovo/group/24736124/,https://glovoapp.com/en/bcn/store/super-glovo/collection/151923181/
Snacks Salados,https://glovoapp.com/en/bcn/store/super-glovo/group/24736124/,https://glovoapp.com/en/bcn/store/super-glovo/collection/151923181/
Snacks Salados,https://glovoapp.com/en/bcn/store/super-glovo/group/24736124/,https://glovoapp.com/en/bcn/store/super-glovo/collection/151923227/
Snacks Salados,https://glovoapp.com/en/bcn/store/super-glovo/group/24736124/,https://glovoapp.com/en/bcn/store/super-glovo/collection/151923227/
Snacks Salados,https://glovoapp.com/en/bcn/store/super-glovo/group/24736124/,https://glovoapp.com/en/bcn/store/super-glovo/collection/151923225/
Snacks Salados,https://glovoapp.com/en/bcn/store/super-glovo/group/24736124/,https://glovoapp.com/en/bcn/store/super-glovo/collection/151923225/
Snacks Salados,https://glovoapp.com/en/bcn/store/super-glovo/group/24736124/,https://glovoapp.com/en/bcn/store/super-glovo/collection/151923253/
Snacks Salados,https://glovoapp.com/en/bcn/store/super-glovo/group/24736124/,https://glovoapp.com/en/bcn/store/super-glovo/collection/151923253/
Snacks Salados,https://glovoapp.com/en/bcn/store/super-glovo/group/24736124/,https://glovoapp.com/en/bcn/store/super-glovo/collection/151923180/
Snacks Salados,https://glovoapp.com/en/bcn/store/super-glovo/group/24736124/,https://glovoapp.com/en/bcn/store/super-glovo/collection/151923180/
Snacks Salados,https://glovoapp.com/en/bcn/store/super-glovo/group/24736124/,https://glovoapp.com/en/bcn/store/super-glovo/collection/151923151/
Snacks Salados,https://glovoapp.com/en/bcn/store/super-glovo/group/24736124/,https://glovoapp.com/en/bcn/store/super-glovo/collection/151923151/
Snacks Salados,https://glovoapp.com/en/bcn/store/super-glovo/group/24736124/,https://glovoapp.com/en/bcn/store/super-glovo/collection/151923181/
Snacks Salados,https://glovoapp.com/en/bcn/store/super-glovo/group/24736124/,https://glovoapp.com/en/bcn/store/super-glovo/collection/151923227/
Snacks Salados,https://glovoapp.com/en/bcn/store/super-glovo/group/24736124/,https://glovoapp.com/en/bcn/store/super-glovo/collection/151923225/
Snacks Salados,https://glovoapp.com/en/bcn/store/super-glovo/group/24736124/,https://glovoapp.com/en/bcn/store/super-glovo/collection/151923253/
Snacks Salados,https://glovoapp.com/en/bcn/store/super-glovo/group/24736124/,https://glovoapp.com/en/bcn/store/super-glovo/collection/151923180/
Snacks Salados,https://glovoapp.com/en/bcn/store/super-glovo/group/24736124/,https://glovoapp.com/en/bcn/store/super-glovo/collection/151923151/
Despensa,https://glovoapp.com/en/bcn/store/super-glovo/group/24736125/,https://glovoapp.com/en/bcn/store/super-glovo/collection/151923173/
Despensa,https://glovoapp.com/en/bcn/store/super-glovo/group/24736125/,https://glovoapp.com/en/bcn/store/super-glovo/collection/151923173/
Despensa,https://glovoapp.com/en/bcn/store/super-glovo/group/24736125/,https://glovoapp.com/en/bcn/store/super-glovo/collection/151923166/
Despensa,https://glovoapp.com/en/bcn/store/super-glovo/group/24736125/,https://glovoapp.com/en/bcn/store/super-glovo/collection/151923166/
Despensa,https://glovoapp.com/en/bcn/store/super-glovo/group/24736125/,https://glovoapp.com/en/bcn/store/super-glovo/collection/151923157/
Despensa,https://glovoapp.com/en/bcn/store/super-glovo/group/24736125/,https://glovoapp.com/en/bcn/store/super-glovo/collection/151923157/
Despensa,https://glovoapp.com/en/bcn/store/super-glovo/group/24736125/,https://glovoapp.com/en/bcn/store/super-glovo/collection/151923190/
Despensa,https://glovoapp.com/en/bcn/store/super-glovo/group/24736125/,https://glovoapp.com/en/bcn/store/super-glovo/collection/151923190/
Despensa,https://glovoapp.com/en/bcn/store/super-glovo/group/24736125/,https://glovoapp.com/en/bcn/store/super-glovo/collection/151923170/
Despensa,https://glovoapp.com/en/bcn/store/super-glovo/group/24736125/,https://glovoapp.com/en/bcn/store/super-glovo/collection/151923170/
Despensa,https://glovoapp.com/en/bcn/store/super-glovo/group/24736125/,https://glovoapp.com/en/bcn/store/super-glovo/collection/151923247/
Despensa,https://glovoapp.com/en/bcn/store/super-glovo/group/24736125/,https://glovoapp.com/en/bcn/store/super-glovo/collection/151923247/
Despensa,https://glovoapp.com/en/bcn/store/super-glovo/group/24736125/,https://glovoapp.com/en/bcn/store/super-glovo/collection/151923222/
Despensa,https://glovoapp.com/en/bcn/store/super-glovo/group/24736125/,https://glovoapp.com/en/bcn/store/super-glovo/collection/151923222/
Despensa,https://glovoapp.com/en/bcn/store/super-glovo/group/24736125/,https://glovoapp.com/en/bcn/store/super-glovo/collection/151923137/
Despensa,https://glovoapp.com/en/bcn/store/super-glovo/group/24736125/,https://glovoapp.com/en/bcn/store/super-glovo/collection/151923137/
Despensa,https://glovoapp.com/en/bcn/store/super-glovo/group/24736125/,https://glovoapp.com/en/bcn/store/super-glovo/collection/151923221/
Despensa,https://glovoapp.com/en/bcn/store/super-glovo/group/24736125/,https://glovoapp.com/en/bcn/store/super-glovo/collection/151923221/
Despensa,https://glovoapp.com/en/bcn/store/super-glovo/group/24736125/,https://glovoapp.com/en/bcn/store/super-glovo/collection/151924085/
Despensa,https://glovoapp.com/en/bcn/store/super-glovo/group/24736125/,https://glovoapp.com/en/bcn/store/super-glovo/collection/151924085/
Despensa,https://glovoapp.com/en/bcn/store/super-glovo/group/24736125/,https://glovoapp.com/en/bcn/store/super-glovo/collection/151923173/
Despensa,https://glovoapp.com/en/bcn/store/super-glovo/group/24736125/,https://glovoapp.com/en/bcn/store/super-glovo/collection/151923166/
Despensa,https://glovoapp.com/en/bcn/store/super-glovo/group/24736125/,https://glovoapp.com/en/bcn/store/super-glovo/collection/151923157/
Despensa,https://glovoapp.com/en/bcn/store/super-glovo/group/24736125/,https://glovoapp.com/en/bcn/store/super-glovo/collection/151923190/
Despensa,https://glovoapp.com/en/bcn/store/super-glovo/group/24736125/,https://glovoapp.com/en/bcn/store/super-glovo/collection/151923170/
Despensa,https://glovoapp.com/en/bcn/store/super-glovo/group/24736125/,https://glovoapp.com/en/bcn/store/super-glovo/collection/151923247/
Despensa,https://glovoapp.com/en/bcn/store/super-glovo/group/24736125/,https://glovoapp.com/en/bcn/store/super-glovo/collection/151923222/
Despensa,https://glovoapp.com/en/bcn/store/super-glovo/group/24736125/,https://glovoapp.com/en/bcn/store/super-glovo/collection/151923137/
Despensa,https://glovoapp.com/en/bcn/store/super-glovo/group/24736125/,https://glovoapp.com/en/bcn/store/super-glovo/collection/151923221/
Despensa,https://glovoapp.com/en/bcn/store/super-glovo/group/24736125/,https://glovoapp.com/en/bcn/store/super-glovo/collection/151924085/
Panadería y Repostería,https://glovoapp.com/en/bcn/store/super-glovo/group/24736126/,https://glovoapp.com/en/bcn/store/super-glovo/collection/151923749/
Panadería y Repostería,https://glovoapp.com/en/bcn/store/super-glovo/group/24736126/,https://glovoapp.com/en/bcn/store/super-glovo/collection/151923749/
Panadería y Repostería,https://glovoapp.com/en/bcn/store/super-glovo/group/24736126/,https://glovoapp.com/en/bcn/store/super-glovo/collection/151923147/
Panadería y Repostería,https://glovoapp.com/en/bcn/store/super-glovo/group/24736126/,https://glovoapp.com/en/bcn/store/super-glovo/collection/151923147/
Panadería y Repostería,https://glovoapp.com/en/bcn/store/super-glovo/group/24736126/,https://glovoapp.com/en/bcn/store/super-glovo/collection/151923172/
Panadería y Repostería,https://glovoapp.com/en/bcn/store/super-glovo/group/24736126/,https://glovoapp.com/en/bcn/store/super-glovo/collection/151923172/
Panadería y Repostería,https://glovoapp.com/en/bcn/store/super-glovo/group/24736126/,https://glovoapp.com/en/bcn/store/super-glovo/collection/151923256/
Panadería y Repostería,https://glovoapp.com/en/bcn/store/super-glovo/group/24736126/,https://glovoapp.com/en/bcn/store/super-glovo/collection/151923256/
Panadería y Repostería,https://glovoapp.com/en/bcn/store/super-glovo/group/24736126/,https://glovoapp.com/en/bcn/store/super-glovo/collection/151923749/
Panadería y Repostería,https://glovoapp.com/en/bcn/store/super-glovo/group/24736126/,https://glovoapp.com/en/bcn/store/super-glovo/collection/151923147/
Panadería y Repostería,https://glovoapp.com/en/bcn/store/super-glovo/group/24736126/,https://glovoapp.com/en/bcn/store/super-glovo/collection/151923172/
Panadería y Repostería,https://glovoapp.com/en/bcn/store/super-glovo/group/24736126/,https://glovoapp.com/en/bcn/store/super-glovo/collection/151923256/
Platos Preparados,https://glovoapp.com/en/bcn/store/super-glovo/group/24736127/,https://glovoapp.com/en/bcn/store/super-glovo/collection/151923255/
Platos Preparados,https://glovoapp.com/en/bcn/store/super-glovo/group/24736127/,https://glovoapp.com/en/bcn/store/super-glovo/collection/151923255/
Platos Preparados,https://glovoapp.com/en/bcn/store/super-glovo/group/24736127/,https://glovoapp.com/en/bcn/store/super-glovo/collection/151923219/
Platos Preparados,https://glovoapp.com/en/bcn/store/super-glovo/group/24736127/,https://glovoapp.com/en/bcn/store/super-glovo/collection/151923219/
Platos Preparados,https://glovoapp.com/en/bcn/store/super-glovo/group/24736127/,https://glovoapp.com/en/bcn/store/super-glovo/collection/151923187/
Platos Preparados,https://glovoapp.com/en/bcn/store/super-glovo/group/24736127/,https://glovoapp.com/en/bcn/store/super-glovo/collection/151923187/
Platos Preparados,https://glovoapp.com/en/bcn/store/super-glovo/group/24736127/,https://glovoapp.com/en/bcn/store/super-glovo/collection/151923224/
Platos Preparados,https://glovoapp.com/en/bcn/store/super-glovo/group/24736127/,https://glovoapp.com/en/bcn/store/super-glovo/collection/151923224/
Platos Preparados,https://glovoapp.com/en/bcn/store/super-glovo/group/24736127/,https://glovoapp.com/en/bcn/store/super-glovo/collection/151923255/
Platos Preparados,https://glovoapp.com/en/bcn/store/super-glovo/group/24736127/,https://glovoapp.com/en/bcn/store/super-glovo/collection/151923219/
Platos Preparados,https://glovoapp.com/en/bcn/store/super-glovo/group/24736127/,https://glovoapp.com/en/bcn/store/super-glovo/collection/151923187/
Platos Preparados,https://glovoapp.com/en/bcn/store/super-glovo/group/24736127/,https://glovoapp.com/en/bcn/store/super-glovo/collection/151923224/
Congelados,https://glovoapp.com/en/bcn/store/super-glovo/group/24736128/,https://glovoapp.com/en/bcn/store/super-glovo/collection/151923126/
Congelados,https://glovoapp.com/en/bcn/store/super-glovo/group/24736128/,https://glovoapp.com/en/bcn/store/super-glovo/collection/151923126/
Congelados,https://glovoapp.com/en/bcn/store/super-glovo/group/24736128/,https://glovoapp.com/en/bcn/store/super-glovo/collection/151923621/
Congelados,https://glovoapp.com/en/bcn/store/super-glovo/group/24736128/,https://glovoapp.com/en/bcn/store/super-glovo/collection/151923621/
Congelados,https://glovoapp.com/en/bcn/store/super-glovo/group/24736128/,https://glovoapp.com/en/bcn/store/super-glovo/collection/151923625/
Congelados,https://glovoapp.com/en/bcn/store/super-glovo/group/24736128/,https://glovoapp.com/en/bcn/store/super-glovo/collection/151923625/
Congelados,https://glovoapp.com/en/bcn/store/super-glovo/group/24736128/,https://glovoapp.com/en/bcn/store/super-glovo/collection/151923799/
Congelados,https://glovoapp.com/en/bcn/store/super-glovo/group/24736128/,https://glovoapp.com/en/bcn/store/super-glovo/collection/151923799/
Congelados,https://glovoapp.com/en/bcn/store/super-glovo/group/24736128/,https://glovoapp.com/en/bcn/store/super-glovo/collection/151923619/
Congelados,https://glovoapp.com/en/bcn/store/super-glovo/group/24736128/,https://glovoapp.com/en/bcn/store/super-glovo/collection/151923619/
Congelados,https://glovoapp.com/en/bcn/store/super-glovo/group/24736128/,https://glovoapp.com/en/bcn/store/super-glovo/collection/151923747/
Congelados,https://glovoapp.com/en/bcn/store/super-glovo/group/24736128/,https://glovoapp.com/en/bcn/store/super-glovo/collection/151923747/
Congelados,https://glovoapp.com/en/bcn/store/super-glovo/group/24736128/,https://glovoapp.com/en/bcn/store/super-glovo/collection/151923252/
Congelados,https://glovoapp.com/en/bcn/store/super-glovo/group/24736128/,https://glovoapp.com/en/bcn/store/super-glovo/collection/151923252/
Congelados,https://glovoapp.com/en/bcn/store/super-glovo/group/24736128/,https://glovoapp.com/en/bcn/store/super-glovo/collection/151923126/
Congelados,https://glovoapp.com/en/bcn/store/super-glovo/group/24736128/,https://glovoapp.com/en/bcn/store/super-glovo/collection/151923621/
Congelados,https://glovoapp.com/en/bcn/store/super-glovo/group/24736128/,https://glovoapp.com/en/bcn/store/super-glovo/collection/151923625/
Congelados,https://glovoapp.com/en/bcn/store/super-glovo/group/24736128/,https://glovoapp.com/en/bcn/store/super-glovo/collection/151923799/
Congelados,https://glovoapp.com/en/bcn/store/super-glovo/group/24736128/,https://glovoapp.com/en/bcn/store/super-glovo/collection/151923619/
Congelados,https://glovoapp.com/en/bcn/store/super-glovo/group/24736128/,https://glovoapp.com/en/bcn/store/super-glovo/collection/151923747/
Congelados,https://glovoapp.com/en/bcn/store/super-glovo/group/24736128/,https://glovoapp.com/en/bcn/store/super-glovo/collection/151923252/
Gourmet,https://glovoapp.com/en/bcn/store/super-glovo/group/24736129/,https://glovoapp.com/en/bcn/store/super-glovo/collection/151923230/
Gourmet,https://glovoapp.com/en/bcn/store/super-glovo/group/24736129/,https://glovoapp.com/en/bcn/store/super-glovo/collection/151923230/
Gourmet,https://glovoapp.com/en/bcn/store/super-glovo/group/24736129/,https://glovoapp.com/en/bcn/store/super-glovo/collection/151923491/
Gourmet,https://glovoapp.com/en/bcn/store/super-glovo/group/24736129/,https://glovoapp.com/en/bcn/store/super-glovo/collection/151923491/
Gourmet,https://glovoapp.com/en/bcn/store/super-glovo/group/24736129/,https://glovoapp.com/en/bcn/store/super-glovo/collection/151923695/
Gourmet,https://glovoapp.com/en/bcn/store/super-glovo/group/24736129/,https://glovoapp.com/en/bcn/store/super-glovo/collection/151923695/
Gourmet,https://glovoapp.com/en/bcn/store/super-glovo/group/24736129/,https://glovoapp.com/en/bcn/store/super-glovo/collection/151923691/
Gourmet,https://glovoapp.com/en/bcn/store/super-glovo/group/24736129/,https://glovoapp.com/en/bcn/store/super-glovo/collection/151923691/
Gourmet,https://glovoapp.com/en/bcn/store/super-glovo/group/24736129/,https://glovoapp.com/en/bcn/store/super-glovo/collection/151923156/
Gourmet,https://glovoapp.com/en/bcn/store/super-glovo/group/24736129/,https://glovoapp.com/en/bcn/store/super-glovo/collection/151923156/
Gourmet,https://glovoapp.com/en/bcn/store/super-glovo/group/24736129/,https://glovoapp.com/en/bcn/store/super-glovo/collection/151923245/
Gourmet,https://glovoapp.com/en/bcn/store/super-glovo/group/24736129/,https://glovoapp.com/en/bcn/store/super-glovo/collection/151923245/
Gourmet,https://glovoapp.com/en/bcn/store/super-glovo/group/24736129/,https://glovoapp.com/en/bcn/store/super-glovo/collection/151923697/
Gourmet,https://glovoapp.com/en/bcn/store/super-glovo/group/24736129/,https://glovoapp.com/en/bcn/store/super-glovo/collection/151923697/
Gourmet,https://glovoapp.com/en/bcn/store/super-glovo/group/24736129/,https://glovoapp.com/en/bcn/store/super-glovo/collection/151923230/
Gourmet,https://glovoapp.com/en/bcn/store/super-glovo/group/24736129/,https://glovoapp.com/en/bcn/store/super-glovo/collection/151923491/
Gourmet,https://glovoapp.com/en/bcn/store/super-glovo/group/24736129/,https://glovoapp.com/en/bcn/store/super-glovo/collection/151923695/
Gourmet,https://glovoapp.com/en/bcn/store/super-glovo/group/24736129/,https://glovoapp.com/en/bcn/store/super-glovo/collection/151923691/
Gourmet,https://glovoapp.com/en/bcn/store/super-glovo/group/24736129/,https://glovoapp.com/en/bcn/store/super-glovo/collection/151923156/
Gourmet,https://glovoapp.com/en/bcn/store/super-glovo/group/24736129/,https://glovoapp.com/en/bcn/store/super-glovo/collection/151923245/
Gourmet,https://glovoapp.com/en/bcn/store/super-glovo/group/24736129/,https://glovoapp.com/en/bcn/store/super-glovo/collection/151923697/
Cocina en Casa,https://glovoapp.com/en/bcn/store/super-glovo/group/24736130/,https://glovoapp.com/en/bcn/store/super-glovo/collection/151923182/
Cocina en Casa,https://glovoapp.com/en/bcn/store/super-glovo/group/24736130/,https://glovoapp.com/en/bcn/store/super-glovo/collection/151923182/
Cocina en Casa,https://glovoapp.com/en/bcn/store/super-glovo/group/24736130/,https://glovoapp.com/en/bcn/store/super-glovo/collection/151923154/
Cocina en Casa,https://glovoapp.com/en/bcn/store/super-glovo/group/24736130/,https://glovoapp.com/en/bcn/store/super-glovo/collection/151923154/
Cocina en Casa,https://glovoapp.com/en/bcn/store/super-glovo/group/24736130/,https://glovoapp.com/en/bcn/store/super-glovo/collection/151923183/
Cocina en Casa,https://glovoapp.com/en/bcn/store/super-glovo/group/24736130/,https://glovoapp.com/en/bcn/store/super-glovo/collection/151923183/
Cocina en Casa,https://glovoapp.com/en/bcn/store/super-glovo/group/24736130/,https://glovoapp.com/en/bcn/store/super-glovo/collection/151923155/
Cocina en Casa,https://glovoapp.com/en/bcn/store/super-glovo/group/24736130/,https://glovoapp.com/en/bcn/store/super-glovo/collection/151923155/
Cocina en Casa,https://glovoapp.com/en/bcn/store/super-glovo/group/24736130/,https://glovoapp.com/en/bcn/store/super-glovo/collection/151923139/
Cocina en Casa,https://glovoapp.com/en/bcn/store/super-glovo/group/24736130/,https://glovoapp.com/en/bcn/store/super-glovo/collection/151923139/
Cocina en Casa,https://glovoapp.com/en/bcn/store/super-glovo/group/24736130/,https://glovoapp.com/en/bcn/store/super-glovo/collection/151923125/
Cocina en Casa,https://glovoapp.com/en/bcn/store/super-glovo/group/24736130/,https://glovoapp.com/en/bcn/store/super-glovo/collection/151923125/
Cocina en Casa,https://glovoapp.com/en/bcn/store/super-glovo/group/24736130/,https://glovoapp.com/en/bcn/store/super-glovo/collection/151923169/
Cocina en Casa,https://glovoapp.com/en/bcn/store/super-glovo/group/24736130/,https://glovoapp.com/en/bcn/store/super-glovo/collection/151923169/
Cocina en Casa,https://glovoapp.com/en/bcn/store/super-glovo/group/24736130/,https://glovoapp.com/en/bcn/store/super-glovo/collection/151924943/
Cocina en Casa,https://glovoapp.com/en/bcn/store/super-glovo/group/24736130/,https://glovoapp.com/en/bcn/store/super-glovo/collection/151924943/
Cocina en Casa,https://glovoapp.com/en/bcn/store/super-glovo/group/24736130/,https://glovoapp.com/en/bcn/store/super-glovo/collection/151923161/
Cocina en Casa,https://glovoapp.com/en/bcn/store/super-glovo/group/24736130/,https://glovoapp.com/en/bcn/store/super-glovo/collection/151923161/
Cocina en Casa,https://glovoapp.com/en/bcn/store/super-glovo/group/24736130/,https://glovoapp.com/en/bcn/store/super-glovo/collection/151923184/
Cocina en Casa,https://glovoapp.com/en/bcn/store/super-glovo/group/24736130/,https://glovoapp.com/en/bcn/store/super-glovo/collection/151923184/
Cocina en Casa,https://glovoapp.com/en/bcn/store/super-glovo/group/24736130/,https://glovoapp.com/en/bcn/store/super-glovo/collection/151923168/
Cocina en Casa,https://glovoapp.com/en/bcn/store/super-glovo/group/24736130/,https://glovoapp.com/en/bcn/store/super-glovo/collection/151923168/
Cocina en Casa,https://glovoapp.com/en/bcn/store/super-glovo/group/24736130/,https://glovoapp.com/en/bcn/store/super-glovo/collection/151923182/
Cocina en Casa,https://glovoapp.com/en/bcn/store/super-glovo/group/24736130/,https://glovoapp.com/en/bcn/store/super-glovo/collection/151923154/
Cocina en Casa,https://glovoapp.com/en/bcn/store/super-glovo/group/24736130/,https://glovoapp.com/en/bcn/store/super-glovo/collection/151923183/
Cocina en Casa,https://glovoapp.com/en/bcn/store/super-glovo/group/24736130/,https://glovoapp.com/en/bcn/store/super-glovo/collection/151923155/
Cocina en Casa,https://glovoapp.com/en/bcn/store/super-glovo/group/24736130/,https://glovoapp.com/en/bcn/store/super-glovo/collection/151923139/
Cocina en Casa,https://glovoapp.com/en/bcn/store/super-glovo/group/24736130/,https://glovoapp.com/en/bcn/store/super-glovo/collection/151923125/
Cocina en Casa,https://glovoapp.com/en/bcn/store/super-glovo/group/24736130/,https://glovoapp.com/en/bcn/store/super-glovo/collection/151923169/
Cocina en Casa,https://glovoapp.com/en/bcn/store/super-glovo/group/24736130/,https://glovoapp.com/en/bcn/store/super-glovo/collection/151924943/
Cocina en Casa,https://glovoapp.com/en/bcn/store/super-glovo/group/24736130/,https://glovoapp.com/en/bcn/store/super-glovo/collection/151923161/
Cocina en Casa,https://glovoapp.com/en/bcn/store/super-glovo/group/24736130/,https://glovoapp.com/en/bcn/store/super-glovo/collection/151923184/
Cocina en Casa,https://glovoapp.com/en/bcn/store/super-glovo/group/24736130/,https://glovoapp.com/en/bcn/store/super-glovo/collection/151923168/
Vegan Market,https://glovoapp.com/en/bcn/store/super-glovo/group/24736131/,https://glovoapp.com/en/bcn/store/super-glovo/collection/151923795/
Vegan Market,https://glovoapp.com/en/bcn/store/super-glovo/group/24736131/,https://glovoapp.com/en/bcn/store/super-glovo/collection/151923795/
Vegan Market,https://glovoapp.com/en/bcn/store/super-glovo/group/24736131/,https://glovoapp.com/en/bcn/store/super-glovo/collection/151923739/
Vegan Market,https://glovoapp.com/en/bcn/store/super-glovo/group/24736131/,https://glovoapp.com/en/bcn/store/super-glovo/collection/151923739/
Vegan Market,https://glovoapp.com/en/bcn/store/super-glovo/group/24736131/,https://glovoapp.com/en/bcn/store/super-glovo/collection/151924865/
Vegan Market,https://glovoapp.com/en/bcn/store/super-glovo/group/24736131/,https://glovoapp.com/en/bcn/store/super-glovo/collection/151924865/
Vegan Market,https://glovoapp.com/en/bcn/store/super-glovo/group/24736131/,https://glovoapp.com/en/bcn/store/super-glovo/collection/151923138/
Vegan Market,https://glovoapp.com/en/bcn/store/super-glovo/group/24736131/,https://glovoapp.com/en/bcn/store/super-glovo/collection/151923138/
Vegan Market,https://glovoapp.com/en/bcn/store/super-glovo/group/24736131/,https://glovoapp.com/en/bcn/store/super-glovo/collection/151923790/
Vegan Market,https://glovoapp.com/en/bcn/store/super-glovo/group/24736131/,https://glovoapp.com/en/bcn/store/super-glovo/collection/151923790/
Vegan Market,https://glovoapp.com/en/bcn/store/super-glovo/group/24736131/,https://glovoapp.com/en/bcn/store/super-glovo/collection/151924603/
Vegan Market,https://glovoapp.com/en/bcn/store/super-glovo/group/24736131/,https://glovoapp.com/en/bcn/store/super-glovo/collection/151924603/
Vegan Market,https://glovoapp.com/en/bcn/store/super-glovo/group/24736131/,https://glovoapp.com/en/bcn/store/super-glovo/collection/151924225/
Vegan Market,https://glovoapp.com/en/bcn/store/super-glovo/group/24736131/,https://glovoapp.com/en/bcn/store/super-glovo/collection/151924225/
Vegan Market,https://glovoapp.com/en/bcn/store/super-glovo/group/24736131/,https://glovoapp.com/en/bcn/store/super-glovo/collection/151923939/
Vegan Market,https://glovoapp.com/en/bcn/store/super-glovo/group/24736131/,https://glovoapp.com/en/bcn/store/super-glovo/collection/151923939/
Vegan Market,https://glovoapp.com/en/bcn/store/super-glovo/group/24736131/,https://glovoapp.com/en/bcn/store/super-glovo/collection/151924227/
Vegan Market,https://glovoapp.com/en/bcn/store/super-glovo/group/24736131/,https://glovoapp.com/en/bcn/store/super-glovo/collection/151924227/
Vegan Market,https://glovoapp.com/en/bcn/store/super-glovo/group/24736131/,https://glovoapp.com/en/bcn/store/super-glovo/collection/151923793/
Vegan Market,https://glovoapp.com/en/bcn/store/super-glovo/group/24736131/,https://glovoapp.com/en/bcn/store/super-glovo/collection/151923793/
Vegan Market,https://glovoapp.com/en/bcn/store/super-glovo/group/24736131/,https://glovoapp.com/en/bcn/store/super-glovo/collection/151923795/
Vegan Market,https://glovoapp.com/en/bcn/store/super-glovo/group/24736131/,https://glovoapp.com/en/bcn/store/super-glovo/collection/151923739/
Vegan Market,https://glovoapp.com/en/bcn/store/super-glovo/group/24736131/,https://glovoapp.com/en/bcn/store/super-glovo/collection/151924865/
Vegan Market,https://glovoapp.com/en/bcn/store/super-glovo/group/24736131/,https://glovoapp.com/en/bcn/store/super-glovo/collection/151923138/
Vegan Market,https://glovoapp.com/en/bcn/store/super-glovo/group/24736131/,https://glovoapp.com/en/bcn/store/super-glovo/collection/151923790/
Vegan Market,https://glovoapp.com/en/bcn/store/super-glovo/group/24736131/,https://glovoapp.com/en/bcn/store/super-glovo/collection/151924603/
Vegan Market,https://glovoapp.com/en/bcn/store/super-glovo/group/24736131/,https://glovoapp.com/en/bcn/store/super-glovo/collection/151924225/
Vegan Market,https://glovoapp.com/en/bcn/store/super-glovo/group/24736131/,https://glovoapp.com/en/bcn/store/super-glovo/collection/151923939/
Vegan Market,https://glovoapp.com/en/bcn/store/super-glovo/group/24736131/,https://glovoapp.com/en/bcn/store/super-glovo/collection/151924227/
Vegan Market,https://glovoapp.com/en/bcn/store/super-glovo/group/24736131/,https://glovoapp.com/en/bcn/store/super-glovo/collection/151923793/
Higiene y Perfumería,https://glovoapp.com/en/bcn/store/super-glovo/group/24736132/,https://glovoapp.com/en/bcn/store/super-glovo/collection/151923149/
Higiene y Perfumería,https://glovoapp.com/en/bcn/store/super-glovo/group/24736132/,https://glovoapp.com/en/bcn/store/super-glovo/collection/151923149/
Higiene y Perfumería,https://glovoapp.com/en/bcn/store/super-glovo/group/24736132/,https://glovoapp.com/en/bcn/store/super-glovo/collection/151923490/
Higiene y Perfumería,https://glovoapp.com/en/bcn/store/super-glovo/group/24736132/,https://glovoapp.com/en/bcn/store/super-glovo/collection/151923490/
Higiene y Perfumería,https://glovoapp.com/en/bcn/store/super-glovo/group/24736132/,https://glovoapp.com/en/bcn/store/super-glovo/collection/151923748/
Higiene y Perfumería,https://glovoapp.com/en/bcn/store/super-glovo/group/24736132/,https://glovoapp.com/en/bcn/store/super-glovo/collection/151923748/
Higiene y Perfumería,https://glovoapp.com/en/bcn/store/super-glovo/group/24736132/,https://glovoapp.com/en/bcn/store/super-glovo/collection/151923750/
Higiene y Perfumería,https://glovoapp.com/en/bcn/store/super-glovo/group/24736132/,https://glovoapp.com/en/bcn/store/super-glovo/collection/151923750/
Higiene y Perfumería,https://glovoapp.com/en/bcn/store/super-glovo/group/24736132/,https://glovoapp.com/en/bcn/store/super-glovo/collection/151923743/
Higiene y Perfumería,https://glovoapp.com/en/bcn/store/super-glovo/group/24736132/,https://glovoapp.com/en/bcn/store/super-glovo/collection/151923743/
Higiene y Perfumería,https://glovoapp.com/en/bcn/store/super-glovo/group/24736132/,https://glovoapp.com/en/bcn/store/super-glovo/collection/151923178/
Higiene y Perfumería,https://glovoapp.com/en/bcn/store/super-glovo/group/24736132/,https://glovoapp.com/en/bcn/store/super-glovo/collection/151923178/
Higiene y Perfumería,https://glovoapp.com/en/bcn/store/super-glovo/group/24736132/,https://glovoapp.com/en/bcn/store/super-glovo/collection/151923175/
Higiene y Perfumería,https://glovoapp.com/en/bcn/store/super-glovo/group/24736132/,https://glovoapp.com/en/bcn/store/super-glovo/collection/151923175/
Higiene y Perfumería,https://glovoapp.com/en/bcn/store/super-glovo/group/24736132/,https://glovoapp.com/en/bcn/store/super-glovo/collection/151923167/
Higiene y Perfumería,https://glovoapp.com/en/bcn/store/super-glovo/group/24736132/,https://glovoapp.com/en/bcn/store/super-glovo/collection/151923167/
Higiene y Perfumería,https://glovoapp.com/en/bcn/store/super-glovo/group/24736132/,https://glovoapp.com/en/bcn/store/super-glovo/collection/151923192/
Higiene y Perfumería,https://glovoapp.com/en/bcn/store/super-glovo/group/24736132/,https://glovoapp.com/en/bcn/store/super-glovo/collection/151923192/
Higiene y Perfumería,https://glovoapp.com/en/bcn/store/super-glovo/group/24736132/,https://glovoapp.com/en/bcn/store/super-glovo/collection/151923152/
Higiene y Perfumería,https://glovoapp.com/en/bcn/store/super-glovo/group/24736132/,https://glovoapp.com/en/bcn/store/super-glovo/collection/151923152/
Higiene y Perfumería,https://glovoapp.com/en/bcn/store/super-glovo/group/24736132/,https://glovoapp.com/en/bcn/store/super-glovo/collection/151923171/
Higiene y Perfumería,https://glovoapp.com/en/bcn/store/super-glovo/group/24736132/,https://glovoapp.com/en/bcn/store/super-glovo/collection/151923171/
Higiene y Perfumería,https://glovoapp.com/en/bcn/store/super-glovo/group/24736132/,https://glovoapp.com/en/bcn/store/super-glovo/collection/151923174/
Higiene y Perfumería,https://glovoapp.com/en/bcn/store/super-glovo/group/24736132/,https://glovoapp.com/en/bcn/store/super-glovo/collection/151923174/
Higiene y Perfumería,https://glovoapp.com/en/bcn/store/super-glovo/group/24736132/,https://glovoapp.com/en/bcn/store/super-glovo/collection/151923937/
Higiene y Perfumería,https://glovoapp.com/en/bcn/store/super-glovo/group/24736132/,https://glovoapp.com/en/bcn/store/super-glovo/collection/151923937/
Higiene y Perfumería,https://glovoapp.com/en/bcn/store/super-glovo/group/24736132/,https://glovoapp.com/en/bcn/store/super-glovo/collection/151923966/
Higiene y Perfumería,https://glovoapp.com/en/bcn/store/super-glovo/group/24736132/,https://glovoapp.com/en/bcn/store/super-glovo/collection/151923966/
Higiene y Perfumería,https://glovoapp.com/en/bcn/store/super-glovo/group/24736132/,https://glovoapp.com/en/bcn/store/super-glovo/collection/151923149/
Higiene y Perfumería,https://glovoapp.com/en/bcn/store/super-glovo/group/24736132/,https://glovoapp.com/en/bcn/store/super-glovo/collection/151923490/
Higiene y Perfumería,https://glovoapp.com/en/bcn/store/super-glovo/group/24736132/,https://glovoapp.com/en/bcn/store/super-glovo/collection/151923748/
Higiene y Perfumería,https://glovoapp.com/en/bcn/store/super-glovo/group/24736132/,https://glovoapp.com/en/bcn/store/super-glovo/collection/151923750/
Higiene y Perfumería,https://glovoapp.com/en/bcn/store/super-glovo/group/24736132/,https://glovoapp.com/en/bcn/store/super-glovo/collection/151923743/
Higiene y Perfumería,https://glovoapp.com/en/bcn/store/super-glovo/group/24736132/,https://glovoapp.com/en/bcn/store/super-glovo/collection/151923178/
Higiene y Perfumería,https://glovoapp.com/en/bcn/store/super-glovo/group/24736132/,https://glovoapp.com/en/bcn/store/super-glovo/collection/151923175/
Higiene y Perfumería,https://glovoapp.com/en/bcn/store/super-glovo/group/24736132/,https://glovoapp.com/en/bcn/store/super-glovo/collection/151923167/
Higiene y Perfumería,https://glovoapp.com/en/bcn/store/super-glovo/group/24736132/,https://glovoapp.com/en/bcn/store/super-glovo/collection/151923192/
Higiene y Perfumería,https://glovoapp.com/en/bcn/store/super-glovo/group/24736132/,https://glovoapp.com/en/bcn/store/super-glovo/collection/151923152/
Higiene y Perfumería,https://glovoapp.com/en/bcn/store/super-glovo/group/24736132/,https://glovoapp.com/en/bcn/store/super-glovo/collection/151923171/
Higiene y Perfumería,https://glovoapp.com/en/bcn/store/super-glovo/group/24736132/,https://glovoapp.com/en/bcn/store/super-glovo/collection/151923174/
Higiene y Perfumería,https://glovoapp.com/en/bcn/store/super-glovo/group/24736132/,https://glovoapp.com/en/bcn/store/super-glovo/collection/151923937/
Higiene y Perfumería,https://glovoapp.com/en/bcn/store/super-glovo/group/24736132/,https://glovoapp.com/en/bcn/store/super-glovo/collection/151923966/
Hogar,https://glovoapp.com/en/bcn/store/super-glovo/group/24736133/,https://glovoapp.com/en/bcn/store/super-glovo/collection/151923146/
Hogar,https://glovoapp.com/en/bcn/store/super-glovo/group/24736133/,https://glovoapp.com/en/bcn/store/super-glovo/collection/151923146/
Hogar,https://glovoapp.com/en/bcn/store/super-glovo/group/24736133/,https://glovoapp.com/en/bcn/store/super-glovo/collection/151923177/
Hogar,https://glovoapp.com/en/bcn/store/super-glovo/group/24736133/,https://glovoapp.com/en/bcn/store/super-glovo/collection/151923177/
Hogar,https://glovoapp.com/en/bcn/store/super-glovo/group/24736133/,https://glovoapp.com/en/bcn/store/super-glovo/collection/151923123/
Hogar,https://glovoapp.com/en/bcn/store/super-glovo/group/24736133/,https://glovoapp.com/en/bcn/store/super-glovo/collection/151923123/
Hogar,https://glovoapp.com/en/bcn/store/super-glovo/group/24736133/,https://glovoapp.com/en/bcn/store/super-glovo/collection/151923132/
Hogar,https://glovoapp.com/en/bcn/store/super-glovo/group/24736133/,https://glovoapp.com/en/bcn/store/super-glovo/collection/151923132/
Hogar,https://glovoapp.com/en/bcn/store/super-glovo/group/24736133/,https://glovoapp.com/en/bcn/store/super-glovo/collection/151923158/
Hogar,https://glovoapp.com/en/bcn/store/super-glovo/group/24736133/,https://glovoapp.com/en/bcn/store/super-glovo/collection/151923158/
Hogar,https://glovoapp.com/en/bcn/store/super-glovo/group/24736133/,https://glovoapp.com/en/bcn/store/super-glovo/collection/151923193/
Hogar,https://glovoapp.com/en/bcn/store/super-glovo/group/24736133/,https://glovoapp.com/en/bcn/store/super-glovo/collection/151923193/
Hogar,https://glovoapp.com/en/bcn/store/super-glovo/group/24736133/,https://glovoapp.com/en/bcn/store/super-glovo/collection/151923162/
Hogar,https://glovoapp.com/en/bcn/store/super-glovo/group/24736133/,https://glovoapp.com/en/bcn/store/super-glovo/collection/151923162/
Hogar,https://glovoapp.com/en/bcn/store/super-glovo/group/24736133/,https://glovoapp.com/en/bcn/store/super-glovo/collection/151923133/
Hogar,https://glovoapp.com/en/bcn/store/super-glovo/group/24736133/,https://glovoapp.com/en/bcn/store/super-glovo/collection/151923133/
Hogar,https://glovoapp.com/en/bcn/store/super-glovo/group/24736133/,https://glovoapp.com/en/bcn/store/super-glovo/collection/151923146/
Hogar,https://glovoapp.com/en/bcn/store/super-glovo/group/24736133/,https://glovoapp.com/en/bcn/store/super-glovo/collection/151923177/
Hogar,https://glovoapp.com/en/bcn/store/super-glovo/group/24736133/,https://glovoapp.com/en/bcn/store/super-glovo/collection/151923123/
Hogar,https://glovoapp.com/en/bcn/store/super-glovo/group/24736133/,https://glovoapp.com/en/bcn/store/super-glovo/collection/151923132/
Hogar,https://glovoapp.com/en/bcn/store/super-glovo/group/24736133/,https://glovoapp.com/en/bcn/store/super-glovo/collection/151923158/
Hogar,https://glovoapp.com/en/bcn/store/super-glovo/group/24736133/,https://glovoapp.com/en/bcn/store/super-glovo/collection/151923193/
Hogar,https://glovoapp.com/en/bcn/store/super-glovo/group/24736133/,https://glovoapp.com/en/bcn/store/super-glovo/collection/151923162/
Hogar,https://glovoapp.com/en/bcn/store/super-glovo/group/24736133/,https://glovoapp.com/en/bcn/store/super-glovo/collection/151923133/
Bebé,https://glovoapp.com/en/bcn/store/super-glovo/group/24736134/,https://glovoapp.com/en/bcn/store/super-glovo/collection/151924084/
Bebé,https://glovoapp.com/en/bcn/store/super-glovo/group/24736134/,https://glovoapp.com/en/bcn/store/super-glovo/collection/151924084/
Bebé,https://glovoapp.com/en/bcn/store/super-glovo/group/24736134/,https://glovoapp.com/en/bcn/store/super-glovo/collection/151923160/
Bebé,https://glovoapp.com/en/bcn/store/super-glovo/group/24736134/,https://glovoapp.com/en/bcn/store/super-glovo/collection/151923160/
Bebé,https://glovoapp.com/en/bcn/store/super-glovo/group/24736134/,https://glovoapp.com/en/bcn/store/super-glovo/collection/151923232/
Bebé,https://glovoapp.com/en/bcn/store/super-glovo/group/24736134/,https://glovoapp.com/en/bcn/store/super-glovo/collection/151923232/
Bebé,https://glovoapp.com/en/bcn/store/super-glovo/group/24736134/,https://glovoapp.com/en/bcn/store/super-glovo/collection/151923218/
Bebé,https://glovoapp.com/en/bcn/store/super-glovo/group/24736134/,https://glovoapp.com/en/bcn/store/super-glovo/collection/151923218/
Bebé,https://glovoapp.com/en/bcn/store/super-glovo/group/24736134/,https://glovoapp.com/en/bcn/store/super-glovo/collection/151923233/
Bebé,https://glovoapp.com/en/bcn/store/super-glovo/group/24736134/,https://glovoapp.com/en/bcn/store/super-glovo/collection/151923233/
Bebé,https://glovoapp.com/en/bcn/store/super-glovo/group/24736134/,https://glovoapp.com/en/bcn/store/super-glovo/collection/151923254/
Bebé,https://glovoapp.com/en/bcn/store/super-glovo/group/24736134/,https://glovoapp.com/en/bcn/store/super-glovo/collection/151923254/
Bebé,https://glovoapp.com/en/bcn/store/super-glovo/group/24736134/,https://glovoapp.com/en/bcn/store/super-glovo/collection/151924084/
Bebé,https://glovoapp.com/en/bcn/store/super-glovo/group/24736134/,https://glovoapp.com/en/bcn/store/super-glovo/collection/151923160/
Bebé,https://glovoapp.com/en/bcn/store/super-glovo/group/24736134/,https://glovoapp.com/en/bcn/store/super-glovo/collection/151923232/
Bebé,https://glovoapp.com/en/bcn/store/super-glovo/group/24736134/,https://glovoapp.com/en/bcn/store/super-glovo/collection/151923218/
Bebé,https://glovoapp.com/en/bcn/store/super-glovo/group/24736134/,https://glovoapp.com/en/bcn/store/super-glovo/collection/151923233/
Bebé,https://glovoapp.com/en/bcn/store/super-glovo/group/24736134/,https://glovoapp.com/en/bcn/store/super-glovo/collection/151923254/
Mascotas,https://glovoapp.com/en/bcn/store/super-glovo/group/24736135/,https://glovoapp.com/en/bcn/store/super-glovo/collection/151923121/
Mascotas,https://glovoapp.com/en/bcn/store/super-glovo/group/24736135/,https://glovoapp.com/en/bcn/store/super-glovo/collection/151923121/
Mascotas,https://glovoapp.com/en/bcn/store/super-glovo/group/24736135/,https://glovoapp.com/en/bcn/store/super-glovo/collection/151923347/
Mascotas,https://glovoapp.com/en/bcn/store/super-glovo/group/24736135/,https://glovoapp.com/en/bcn/store/super-glovo/collection/151923347/
Mascotas,https://glovoapp.com/en/bcn/store/super-glovo/group/24736135/,https://glovoapp.com/en/bcn/store/super-glovo/collection/151923121/
Mascotas,https://glovoapp.com/en/bcn/store/super-glovo/group/24736135/,https://glovoapp.com/en/bcn/store/super-glovo/collection/151923347/
Electrónica,https://glovoapp.com/en/bcn/store/super-glovo/group/24736137/,https://glovoapp.com/en/bcn/store/super-glovo/collection/151923741/
Electrónica,https://glovoapp.com/en/bcn/store/super-glovo/group/24736137/,https://glovoapp.com/en/bcn/store/super-glovo/collection/151923741/
Electrónica,https://glovoapp.com/en/bcn/store/super-glovo/group/24736137/,https://glovoapp.com/en/bcn/store/super-glovo/collection/151923249/
Electrónica,https://glovoapp.com/en/bcn/store/super-glovo/group/24736137/,https://glovoapp.com/en/bcn/store/super-glovo/collection/151923249/
Electrónica,https://glovoapp.com/en/bcn/store/super-glovo/group/24736137/,https://glovoapp.com/en/bcn/store/super-glovo/collection/151923745/
Electrónica,https://glovoapp.com/en/bcn/store/super-glovo/group/24736137/,https://glovoapp.com/en/bcn/store/super-glovo/collection/151923745/
Electrónica,https://glovoapp.com/en/bcn/store/super-glovo/group/24736137/,https://glovoapp.com/en/bcn/store/super-glovo/collection/151923798/
Electrónica,https://glovoapp.com/en/bcn/store/super-glovo/group/24736137/,https://glovoapp.com/en/bcn/store/super-glovo/collection/151923798/
Electrónica,https://glovoapp.com/en/bcn/store/super-glovo/group/24736137/,https://glovoapp.com/en/bcn/store/super-glovo/collection/151923741/
Electrónica,https://glovoapp.com/en/bcn/store/super-glovo/group/24736137/,https://glovoapp.com/en/bcn/store/super-glovo/collection/151923249/
Electrónica,https://glovoapp.com/en/bcn/store/super-glovo/group/24736137/,https://glovoapp.com/en/bcn/store/super-glovo/collection/151923745/
Electrónica,https://glovoapp.com/en/bcn/store/super-glovo/group/24736137/,https://glovoapp.com/en/bcn/store/super-glovo/collection/151923798/
Prensa,https://glovoapp.com/en/bcn/store/super-glovo/group/24736138/,https://glovoapp.com/en/bcn/store/super-glovo/collection/151923968/
Prensa,https://glovoapp.com/en/bcn/store/super-glovo/group/24736138/,https://glovoapp.com/en/bcn/store/super-glovo/collection/151923968/
Prensa,https://glovoapp.com/en/bcn/store/super-glovo/group/24736138/,https://glovoapp.com/en/bcn/store/super-glovo/collection/151923969/
Prensa,https://glovoapp.com/en/bcn/store/super-glovo/group/24736138/,https://glovoapp.com/en/bcn/store/super-glovo/collection/151923969/
Prensa,https://glovoapp.com/en/bcn/store/super-glovo/group/24736138/,https://glovoapp.com/en/bcn/store/super-glovo/collection/151923965/
Prensa,https://glovoapp.com/en/bcn/store/super-glovo/group/24736138/,https://glovoapp.com/en/bcn/store/super-glovo/collection/151923965/
Prensa,https://glovoapp.com/en/bcn/store/super-glovo/group/24736138/,https://glovoapp.com/en/bcn/store/super-glovo/collection/151923968/
Prensa,https://glovoapp.com/en/bcn/store/super-glovo/group/24736138/,https://glovoapp.com/en/bcn/store/super-glovo/collection/151923969/
Prensa,https://glovoapp.com/en/bcn/store/super-glovo/group/24736138/,https://glovoapp.com/en/bcn/store/super-glovo/collection/151923965/
