Restaurant Name,URL,Reviews,Tags,Created_at(date),Created_at(time)
KFC Mombasa Road,https://food.jumia.co.ke/restaurant/k9xc/kfc-mombasa-road,4.8,Chicken,31/07/2020,15:07:30
Jumia Party,https://food.jumia.co.ke/restaurant/k0zt/jumia-party,4.8,Alcoholic Drinks,31/07/2020,15:07:30
KFC - Langata,https://food.jumia.co.ke/restaurant/k1ki/kfc-langata,4.8,Burger  Chicken,31/07/2020,15:07:30
Big Square- Moi Avenue,https://food.jumia.co.ke/restaurant/k4tk/big-square-moi-avenue,4.7,Burger,31/07/2020,15:07:32
Black Gold (The Panari Hotel),https://food.jumia.co.ke/restaurant/k2zp/black-gold-the-panari-hotel,4.8,Burger  Pizza  Sandwiches  Continental,31/07/2020,15:07:32
KFC Mombasa Road,https://food.jumia.co.ke/restaurant/k9xc/kfc-mombasa-road,4.8,Chicken,31/07/2020,15:07:32
Jumia Party,https://food.jumia.co.ke/restaurant/k0zt/jumia-party,4.8,Alcoholic Drinks,31/07/2020,15:07:32
KFC - Langata,https://food.jumia.co.ke/restaurant/k1ki/kfc-langata,4.8,Burger  Chicken,31/07/2020,15:07:32
KFC Southfield,https://food.jumia.co.ke/restaurant/k8lr/kfc-southfield,4.8,Chicken,31/07/2020,15:07:32
KFC Junction,https://food.jumia.co.ke/restaurant/k3vg/kfc-junction,4.7,Chicken,31/07/2020,15:07:32
KFC - Buruburu,https://food.jumia.co.ke/restaurant/k7oh/kfc-buruburu,4.9,Chicken,31/07/2020,15:07:32
KFC Limuru Road,https://food.jumia.co.ke/restaurant/k2gf/kfc-limuru-road,4.8,Chicken,31/07/2020,15:07:32
KFC Lavington,https://food.jumia.co.ke/restaurant/k3gf/kfc-lavington,4.8,Chicken,31/07/2020,15:07:32
KFC Woodvale,https://food.jumia.co.ke/restaurant/k7ei/kfc-westlands,4.7,Chicken,31/07/2020,15:07:32
KFC Waiyaki Way Drive Thru,https://food.jumia.co.ke/restaurant/k8uf/kfc-waiyaki-way-drive-thru,4.8,Chicken,31/07/2020,15:07:32
KFC Galleria Mall,https://food.jumia.co.ke/restaurant/k2gs/kfc-galleria-mall,4.8,Chicken,31/07/2020,15:07:32
KFC Village Market,https://food.jumia.co.ke/restaurant/k0ja/kfc-village-market,4.8,Burger  Chicken,31/07/2020,15:07:32
Burger King - Lavington,https://food.jumia.co.ke/restaurant/k2ek/burger-king-lavington,4.6,Burger,31/07/2020,15:07:32
KFC Northview,https://food.jumia.co.ke/restaurant/k3hv/kfc-northview,4.8,Alcoholic Drinks  Burger  Chicken,31/07/2020,15:07:32
KFC - Jubilee,https://food.jumia.co.ke/restaurant/k0dj/kfc-jubilee,4.9,Chicken,31/07/2020,15:07:33
KFC Kimathi Street,https://food.jumia.co.ke/restaurant/k0rm/kfc-kimathi-street,4.8,Chicken,31/07/2020,15:07:33
KFC The Hub,https://food.jumia.co.ke/restaurant/k8es/kfc-the-hub,4.8,Chicken,31/07/2020,15:07:33
CJ's CBD,https://food.jumia.co.ke/restaurant/k3yg/cj-s,4.6,Burger  Desserts  Pizza  Salad  Sandwiches  Continental,31/07/2020,15:07:33
Burger King - Nextgen,https://food.jumia.co.ke/restaurant/k5hn/burger-king-nextgen,4.6,Chicken  Milkshakes  Burger,31/07/2020,15:07:33
Chakula Chap Chap - Westlands,https://food.jumia.co.ke/restaurant/k8cu/chakula-chap-chap-westlands,5,Chicken  Indian,31/07/2020,15:07:33
Chicken Inn - Ambassador,https://food.jumia.co.ke/restaurant/k6zm/chicken-inn-ambassador,5,Burger  Chicken,31/07/2020,15:07:33
Burger King - TRM,https://food.jumia.co.ke/restaurant/k4hu/burger-king-trm,4.7,Burger,31/07/2020,15:07:33
Pizza Inn - Bellevue,https://food.jumia.co.ke/restaurant/k0ew/pizza-inn-bellevue,4.6,Pizza,31/07/2020,15:07:33
Big Square - Mombasa Road,https://food.jumia.co.ke/restaurant/k9bm/big-square-mombasa-road,4.7,Burger  Chicken  Barbeque,31/07/2020,15:07:33
Java House Prestige,https://food.jumia.co.ke/restaurant/k6nf/java-house-ngong-road,4.6,Continental  Chicken,31/07/2020,15:07:33
Artcaffe Capital Center,https://food.jumia.co.ke/restaurant/k0un/artcaffe-capital-center,4.6,Burger  Continental  Salad  Sandwiches  Cakes & Pastries,31/07/2020,15:07:33
Chicken Inn-Ngong Road,https://food.jumia.co.ke/restaurant/k1tu/chicken-inn-ngong-road,4.6,Burger  Chicken,31/07/2020,15:07:33
Mama Rocks - Kilimani,https://food.jumia.co.ke/restaurant/k3hp/mama-rocks-kilimani,4.7,African  Burger,31/07/2020,15:07:33
Artcaffe - Valley Arcade,https://food.jumia.co.ke/restaurant/k8rh/artcaffe-valley-arcade,4.6,Burger  Cakes & Pastries  Salad  Sandwiches  Continental,31/07/2020,15:07:33
Marita's Bhajias - Kilimani,https://food.jumia.co.ke/restaurant/k1rc/marita-s-bhajias-kilimani,4.6,Continental  Indian  Chicken,31/07/2020,15:07:33
Subway - Westlands,https://food.jumia.co.ke/restaurant/k2sw/subway-westlands,4.7,Salad  Sandwiches,31/07/2020,15:07:33
Subway - Junction,https://food.jumia.co.ke/restaurant/k7nu/subway-junction,4.7,Salad  Sandwiches,31/07/2020,15:07:33
Ohcha Noodle Bar - Junction,https://food.jumia.co.ke/restaurant/k0eq/ohcha-noodle-bar-junction,4.6,Chinese  Thai,31/07/2020,15:07:33
Java House - Sarit,https://food.jumia.co.ke/restaurant/k7oe/java-sarit,4.6,Continental  Chicken,31/07/2020,15:07:33
Chicken Inn - Westlands,https://food.jumia.co.ke/restaurant/k9be/chicken-inn-westlands,4.6,Burger  Chicken,31/07/2020,15:07:33
Chicken Inn-South B,https://food.jumia.co.ke/restaurant/k1rp/chicken-inn-south-b,4.6,Chicken,31/07/2020,15:07:34
Burger King- Two rivers,https://food.jumia.co.ke/restaurant/k1vu/burger-king-two-rivers,4.7,Chicken  Burger,31/07/2020,15:07:34
Galito's -Ngong road,https://food.jumia.co.ke/restaurant/k0uw/galito-s-ngong-road,4.6,Chicken,31/07/2020,15:07:34
Burger King - The Hub,https://food.jumia.co.ke/restaurant/k3mo/burger-king-the-hub,4.6,Burger,31/07/2020,15:07:34
Bbrood -Sarit Centre,https://food.jumia.co.ke/restaurant/k8gk/bbrood-sarit-centre,4.7,Cakes & Pastries,31/07/2020,15:07:34
Chinese Kitchen & Dim Sum House,https://food.jumia.co.ke/restaurant/k9yk/chinese-kitchen-dim-sum-house,4.3,Chicken  Seafood  Chinese,31/07/2020,15:07:34
Mama Rocks - Westlands,https://food.jumia.co.ke/restaurant/k3bt/mama-rocks-westlands,4.6,African  Burger,31/07/2020,15:07:34
Bbrood -Adlife Plaza,https://food.jumia.co.ke/restaurant/k9xm/bbrood-adlife-plaza,4.8,Cakes & Pastries,31/07/2020,15:07:34
Chicken Inn - Langata Road,https://food.jumia.co.ke/restaurant/k7hr/chicken-inn-langata-road,4.6,Chicken,31/07/2020,15:07:34
Wok On Wheels,https://food.jumia.co.ke/restaurant/k4bn/wok-on-wheels-ltd,4.7,Chinese,31/07/2020,15:07:34
Mugg and Bean On the Move-Mombasa Road,https://food.jumia.co.ke/restaurant/k8yr/mugg-and-bean-on-the-move-mombasa-road,4.8,Sandwiches  Snacks  Continental,31/07/2020,15:07:34
Galito's - Bellevue,https://food.jumia.co.ke/restaurant/k9zn/galito-s-bellevue,4.7,Chicken,31/07/2020,15:07:34
Haandi Restaurant,https://food.jumia.co.ke/restaurant/k9fz/haandi-restaurant,4.5,Chicken  Seafood  Vegetarian  Indian,31/07/2020,15:07:34
Java House - Parklands,https://food.jumia.co.ke/restaurant/k6gt/java-parklands,4.7,Continental  Chicken,31/07/2020,15:07:34
Gyros 2 Go - Valley Arcade,https://food.jumia.co.ke/restaurant/k4fc/gyros-2-go-valley-arcade,4.6,Pizza  Salad,31/07/2020,15:07:34
Subway - Timau,https://food.jumia.co.ke/restaurant/k2bw/subway-timau,4.7,Salad  Sandwiches,31/07/2020,15:07:34
Dial A Koroga-Ngong Road,https://food.jumia.co.ke/restaurant/k3cq/dial-a-koroga-ngong-road,4.6,African  Kenyan  Chicken,31/07/2020,15:07:34
Pizza Mojo Adlife,https://food.jumia.co.ke/restaurant/k3bp/pizza-mojo-adlife,4.7,Pizza,31/07/2020,15:07:34
Pizza Inn- Union,https://food.jumia.co.ke/restaurant/k8cd/pizza-inn-union,4.6,Pizza,31/07/2020,15:07:34
Agulu Lounge,https://food.jumia.co.ke/restaurant/k7dv/agulu-lounge,4.6,Barbeque  Kenyan  African,31/07/2020,15:07:34
Gyros 2 go-Westlands,https://food.jumia.co.ke/restaurant/k7fr/gyros-2-go-westlands,4.6,Burger  Salad  Continental,31/07/2020,15:07:34
Java House - Lenana Road,https://food.jumia.co.ke/restaurant/k1ox/java-house-lenana,4.4,Continental  Chicken,31/07/2020,15:07:35
Pizza Inn - Capital Center,https://food.jumia.co.ke/restaurant/k7qb/pizza-inn-capital-center,4.6,Pizza,31/07/2020,15:07:35
Mugg and Bean On the Move-Hurlingham,https://food.jumia.co.ke/restaurant/k0zi/mugg-and-bean-on-the-move-hurlingham,4.8,Cakes & Pastries  Snacks  Sandwiches,31/07/2020,15:07:35
CJ's Karen,https://food.jumia.co.ke/restaurant/k8ob/cj-s-karen,4.8,Burger  Cakes & Pastries  Milkshakes  Pizza  Continental,31/07/2020,15:07:35
Bhajia House,https://food.jumia.co.ke/restaurant/k5ao/bhajia-house,4.3,Italian  Kenyan  Indian,31/07/2020,15:07:35
Zucchini Deli-Westlands,https://food.jumia.co.ke/restaurant/k3ha/zucchini-deli-westlands,4.1,Salad  Healthy Food,31/07/2020,15:07:35
Java House Rosslyn,https://food.jumia.co.ke/restaurant/k2mz/java-house-rosslyn,4.7,Continental  Chicken,31/07/2020,15:07:35
Pizza Mojo Wilson,https://food.jumia.co.ke/restaurant/k3xc/pizza-mojo-wilson,4.7,Pizza,31/07/2020,15:07:35
"Hong Kong Kitchen, Kileleshwa",https://food.jumia.co.ke/restaurant/k2ij/hong-kong-kitchen-kileleshwa,4.6,Chinese,31/07/2020,15:07:35
Java - Square,https://food.jumia.co.ke/restaurant/k5bz/java-square,4.7,Continental  Chicken,31/07/2020,15:07:35
Pizza Mojo - Mombasa Road,https://food.jumia.co.ke/restaurant/k1au/pizza-mojo-mombasa-road,4.6,Pizza,31/07/2020,15:07:35
Swahili Plate - Sarit Center,https://food.jumia.co.ke/restaurant/k4xm/swahili-plate-sarit-center-vendor,4.5,Halal  Kenyan,31/07/2020,15:07:35
Mc Frys - Hurlingham - Bei Poa,https://food.jumia.co.ke/restaurant/k0is/mc-frys-hurlingham-bei-poa,4.6,Burger  Halal  Kenyan  Chicken,31/07/2020,15:07:35
Artcaffe - Hub,https://food.jumia.co.ke/restaurant/k7ua/artcaffe-karen,4.5,Burger  Continental  Salad  Sandwiches  Cakes & Pastries,31/07/2020,15:07:35
Uncle Nene's Kitchen,https://food.jumia.co.ke/restaurant/k0bv/uncle-nene-s-kitchen,4.9,Burger,31/07/2020,15:07:35
Jaydee African Dishes,https://food.jumia.co.ke/restaurant/k2bk/jaydee-african-dishes,4.8,African,31/07/2020,15:07:35
Cold Stone - Sarit Center,https://food.jumia.co.ke/restaurant/k5pw/cold-stone-sarit-center,4.8,Milkshakes  Ice Cream,31/07/2020,15:07:35
Mc Frys - Karen,https://food.jumia.co.ke/restaurant/k5oq/mc-frys-karen,4.5,Burger  Halal  Kenyan  Chicken,31/07/2020,15:07:35
The Pork Pit.,https://food.jumia.co.ke/restaurant/k3un/the-pork-pit,4.4,African,31/07/2020,15:07:35
Mc Frys - Westlands - Bei poa,https://food.jumia.co.ke/restaurant/k3fu/mc-frys-westlands-bei-poa,4.6,Burger  Halal  Kenyan  Chicken,31/07/2020,15:07:35
Galito's -Parklands,https://food.jumia.co.ke/restaurant/k8cz/galito-s-parklands,4.6,Chicken,31/07/2020,15:07:36
My Duka - Ngong Road - Bei Poa,https://food.jumia.co.ke/restaurant/k7ou/my-duka-ngong-road-bei-poa,4,Kenyan,31/07/2020,15:07:36
Mercado Mexican Kitchen,https://food.jumia.co.ke/restaurant/k6qw/mercado-mexican-kitchen,4.3,Mexican,31/07/2020,15:07:36
Mc Frys - Westlands,https://food.jumia.co.ke/restaurant/k8hz/mc-fry-westlands,4.6,Burger  Halal  Kenyan  Chicken,31/07/2020,15:07:36
Wings Kenya,https://food.jumia.co.ke/restaurant/k5nx/wings-kenya,4.8,Chicken,31/07/2020,15:07:36
Chicken Inn-Union,https://food.jumia.co.ke/restaurant/k8vb/chicken-inn-union,4.6,Burger  Chicken,31/07/2020,15:07:36
Subway - The Hub,https://food.jumia.co.ke/restaurant/k3fw/subway-the-hub,4.7,Salad  Sandwiches,31/07/2020,15:07:36
Cold Stone Creamery - Yaya,https://food.jumia.co.ke/restaurant/k8wx/coldstone-creamery-yaya,4.5,Milkshakes  Ice Cream,31/07/2020,15:07:36
Mc Frys - Nairobi West,https://food.jumia.co.ke/restaurant/k7ad/mc-frys-nairobi-west,4.4,Burger  Halal  Kenyan  Chicken,31/07/2020,15:07:36
Urban - Langata,https://food.jumia.co.ke/restaurant/k6sh/urban-langata,4.7,Chicken  Milkshakes  Burger,31/07/2020,15:07:36
Nirvana Vegetarian Khazana,https://food.jumia.co.ke/restaurant/k3et/nirvana-vegetarian-khazana,4.5,Juices  Vegetarian  Indian,31/07/2020,15:07:36
Rozina's Restaurant - Westlands,https://food.jumia.co.ke/restaurant/k9pg/rozina-s-restaurant-westlands,4,Halal  Indian,31/07/2020,15:07:36
Mugg and Bean on the Move-ABC,https://food.jumia.co.ke/restaurant/k2cz/mugg-and-bean-on-the-move-abc,4.9,Sandwiches  Snacks  Continental,31/07/2020,15:07:36
Joe's Wings Atlanta - Ngong Road,https://food.jumia.co.ke/restaurant/k7vg/joe-s-wings-atlanta-ngong-road,4.3,Burger  Continental,31/07/2020,15:07:36
Cold Stone - Fortis Tower,https://food.jumia.co.ke/restaurant/k3zi/coldstone-fortis-tower,4.8,Milkshakes  Ice Cream,31/07/2020,15:07:36
Artcaffe - Chester House,https://food.jumia.co.ke/restaurant/k1gz/artcaffe-chester-house,4.6,Burger  Cakes & Pastries  Salad  Sandwiches  Continental,31/07/2020,15:07:36
MC Frys - South B,https://food.jumia.co.ke/restaurant/k3uk/mc-frys-south-b,4.6,Burger  Halal  Kenyan  Chicken,31/07/2020,15:07:36
Popeyes' Chicken and Fries - Bei Poa,https://food.jumia.co.ke/restaurant/k5iw/popeyes-chicken-and-fries-bei-poa,4.2,Kenyan  Chicken,31/07/2020,15:07:36
The Mayura - Westlands,https://food.jumia.co.ke/restaurant/k2at/the-mayura-westlands,4.6,Indian,31/07/2020,15:07:36
Cold Stone Creamery- Capital center,https://food.jumia.co.ke/restaurant/k9ji/cold-stone-creamery-capital-center,4.7,Milkshakes  Ice Cream,31/07/2020,15:07:36
Snack Attack - Sarit Center,https://food.jumia.co.ke/restaurant/k4gs/snack-attack-sarit-center,4.4,Burger  Halal  Juices  Vegetarian  Chicken,31/07/2020,15:07:36
Bbrood -Junction Mall,https://food.jumia.co.ke/restaurant/k8qt/bbrood-junction-mall,5,Cakes & Pastries,31/07/2020,15:07:37
Urban - Chester House,https://food.jumia.co.ke/restaurant/k2re/urban-chester-house,4.3,Chicken  Milkshakes  Burger,31/07/2020,15:07:37
Donuts World,https://food.jumia.co.ke/restaurant/k1to/donuts-world,4.6,Cakes & Pastries  Halal  Pasta  Salad  Continental,31/07/2020,15:07:37
Mama Rocks-Riviera,https://food.jumia.co.ke/restaurant/k5yb/mama-rocks-riviera,4.8,African  Burger,31/07/2020,15:07:37
Taj Sultan,https://food.jumia.co.ke/restaurant/k4rw/taj-sultan,4.5,Arabian  Yemeni,31/07/2020,15:07:37
Artcaffe Gallant,https://food.jumia.co.ke/restaurant/k7km/artcaffe-gallant,4.2,Cakes & Pastries  Juices  Salad  Sandwiches  Continental,31/07/2020,15:07:37
Big Square - 680,https://food.jumia.co.ke/restaurant/k5uy/big-square-kenyatta-avenue,4.7,Burger,31/07/2020,15:07:37
Burger Hut,https://food.jumia.co.ke/restaurant/k1og/burger-hut,4.1,Burger,31/07/2020,15:07:37
Pizza Inn-South B,https://food.jumia.co.ke/restaurant/k8yy/pizza-inn-south-b,4.8,Pizza,31/07/2020,15:07:37
Bao Box,https://food.jumia.co.ke/restaurant/k5jc/bao-box,4.6,Burger  Pasta  Pizza  Sandwiches  Continental,31/07/2020,15:07:37
Red Roses - Bei Poa,https://food.jumia.co.ke/restaurant/k5le/red-roses-bei-poa,3.4,Kenyan,31/07/2020,15:07:37
Take Eat Easy Kenya,https://food.jumia.co.ke/restaurant/k9eg/take-eat-easy-kenya,4.6,Barbeque  Chicken  Chinese  Continental  Vegetarian  Indian,31/07/2020,15:07:37
Artcaffe - Kimathi Street,https://food.jumia.co.ke/restaurant/k9rs/artcaffe-kimathi-street,4.6,Burger  Cakes & Pastries  Salad  Sandwiches  Continental,31/07/2020,15:07:37
Peppercorn,https://food.jumia.co.ke/restaurant/k6yo/peppercorn,4.6,Indian,31/07/2020,15:07:37
Pizza 2 Go- Westlands,https://food.jumia.co.ke/restaurant/k9cb/pizza-2-go-westlands,4.5,Pizza,31/07/2020,15:07:37
Cold Stone Creamery - Village Market,https://food.jumia.co.ke/restaurant/k8mg/cold-stone-creamery-village-market,5,Milkshakes  Ice Cream,31/07/2020,15:07:37
Pizza 2 Go - Valley Arcade,https://food.jumia.co.ke/restaurant/k5zk/pizza-2-go-valley-arcade,4.4,Pizza,31/07/2020,15:07:37
Mr Yao,https://food.jumia.co.ke/restaurant/k8su/mr-yao,0,Chicken  Japanese,31/07/2020,15:07:38
Pizza Mojo-680 Hotel,https://food.jumia.co.ke/restaurant/k1gq/pizza-mojo-680-hotel,4.7,Pizza,31/07/2020,15:07:38
Indian Cuisine,https://food.jumia.co.ke/restaurant/k7wi/indian-cuisine,4.4,Chicken  Vegetarian  Indian,31/07/2020,15:07:38
Shawarma Hub,https://food.jumia.co.ke/restaurant/k8um/shawarma-hub,0,Snacks,31/07/2020,15:07:38
D's Place-Lavington,https://food.jumia.co.ke/restaurant/k0di/d-s-place-lavington,4.7,Cakes & Pastries  Chicken  Healthy Food  Sandwiches  Snacks  Vegetarian  Continental,31/07/2020,15:07:38
Mc Frys - Hurligham,https://food.jumia.co.ke/restaurant/k1zn/mc-frys-hurligham,4.8,Burger  Halal  Kenyan  Chicken,31/07/2020,15:07:38
Chicken Inn-Highview,https://food.jumia.co.ke/restaurant/k7nj/chicken-inn-highview,4.6,Chicken,31/07/2020,15:07:38
Mc Frys - Lavington,https://food.jumia.co.ke/restaurant/k5yj/mc-frys-lavigntion,4.6,Burger  Halal  Kenyan  Chicken,31/07/2020,15:07:38
Subway - Gigiri,https://food.jumia.co.ke/restaurant/k3ge/subway-gigiri,4.7,Salad  Sandwiches,31/07/2020,15:07:38
Clay Oven,https://food.jumia.co.ke/restaurant/k1al/clay-oven,4.5,Chicken  Vegetarian  Indian,31/07/2020,15:07:38
Mc Frys - Nairobi West - Bei Poa,https://food.jumia.co.ke/restaurant/k9on/mc-frys-nairobi-west-bei-poa,4.5,Burger  Halal  Kenyan  Chicken,31/07/2020,15:07:38
Artcaffe - TRM,https://food.jumia.co.ke/restaurant/k2ox/artcaffe-trm,4.4,Burger  Continental  Salad  Sandwiches  Cakes & Pastries,31/07/2020,15:07:38
Cold Stone Creamery - HUB,https://food.jumia.co.ke/restaurant/k6bk/coldstone-creamery-hub,4.3,Milkshakes  Ice Cream,31/07/2020,15:07:38
Creamy Inn - Waiyaki Way,https://food.jumia.co.ke/restaurant/k5kp/creamy-inn-waiyaki-way,4.9,Cakes & Pastries  Snacks  Ice Cream,31/07/2020,15:07:38
Java House - Kimathi,https://food.jumia.co.ke/restaurant/k0in/java-nation-kimathi,4.8,Continental  Chicken,31/07/2020,15:07:38
Joe's Wings Atlanta - Bei Poa,https://food.jumia.co.ke/restaurant/k1yd/joe-s-wings-atlanta-bei-poa,4.2,Burger  Continental,31/07/2020,15:07:38
Pizza Inn - Lusaka Road,https://food.jumia.co.ke/restaurant/k2tn/pizza-inn-lusaka-road,4.5,Pizza,31/07/2020,15:07:38
Galito's-Ojijo,https://food.jumia.co.ke/restaurant/k0zo/galito-s-ojijo,4.7,Chicken,31/07/2020,15:07:38
Pizza Mojo Lavington,https://food.jumia.co.ke/restaurant/k5nz/pizza-mojo-lavington,4.6,Pizza,31/07/2020,15:07:38
Nyama Mama - Delta,https://food.jumia.co.ke/restaurant/k4mo/nyama-mama-delta,4.5,Kenyan  African,31/07/2020,15:07:38
Mugg and Bean On the Move-State House Total,https://food.jumia.co.ke/restaurant/k5ix/mugg-and-bean-on-the-move,4.4,Sandwiches  Snacks  Continental,31/07/2020,15:07:39
News Cafe- Sarit centre,https://food.jumia.co.ke/restaurant/k5mt/news-cafe-sarit-centre,4.5,Burger  Chicken  Healthy Food  Mexican  Pasta  Salad  Sandwiches  Seafood  Vegetarian  Continental,31/07/2020,15:07:39
"Hong Kong Kitchen, Ngong Rd Adams",https://food.jumia.co.ke/restaurant/k1tg/hong-kong-kitchen,5,Chinese,31/07/2020,15:07:39
Chicken Inn-UJA,https://food.jumia.co.ke/restaurant/k6rq/chicken-inn-uja,4.5,Burger  Chicken,31/07/2020,15:07:39
Bridges Organic - Bei Poa,https://food.jumia.co.ke/restaurant/k9by/bridges-organic-bei-poa,4.8,African  Healthy Food  Kenyan,31/07/2020,15:07:39
Connect Coffee Roasters - Riverfront,https://food.jumia.co.ke/restaurant/k3xp/connect-coffee-roasters,4.6,Continental  Snacks  Sandwiches,31/07/2020,15:07:39
Bob's BBQ Corner,https://food.jumia.co.ke/restaurant/k7ko/bob-s-bbq-corner,4,Chicken  Indian  Barbeque,31/07/2020,15:07:39
Subway Cameo - Kenyatta Avenue,https://food.jumia.co.ke/restaurant/k3qj/subway-cameo-kenyatta-avenue,4.7,Salad  Sandwiches,31/07/2020,15:07:39
Mr Yao - Gigiri,https://food.jumia.co.ke/restaurant/k7hv/mr-yao-gigiri,3.8,Pan Asian,31/07/2020,15:07:39
Grand Cafe & Indian Cuisine,https://food.jumia.co.ke/restaurant/k0mg/grand-cafe,4.6,Cakes & Pastries  Chicken  Chinese  Indian,31/07/2020,15:07:39
Mc Frys - Lavington - Bei Poa,https://food.jumia.co.ke/restaurant/k7ks/mc-frys-lavington-bei-poa,4.8,Burger  Halal  Kenyan  Chicken,31/07/2020,15:07:39
Fruit Parlour - Bei Poa,https://food.jumia.co.ke/restaurant/k5xg/fruit-parlour,4.3,Healthy Food,31/07/2020,15:07:39
Chicken Inn-Buruburu,https://food.jumia.co.ke/restaurant/k8ia/chicken-inn-buruburu,4.6,Chicken,31/07/2020,15:07:39
Royale Health Club,https://food.jumia.co.ke/restaurant/k4tm/royale-health-club,4.7,Chicken  Sandwiches  Continental,31/07/2020,15:07:39
Crispy Bites Cafe - Kileleshwa,https://food.jumia.co.ke/restaurant/k2az/crispy-bites-cafe,4,African  Snacks  Kenyan,31/07/2020,15:07:39
Popeyes' Chicken and Fries,https://food.jumia.co.ke/restaurant/k7ck/popeyes-chicken-and-fries,3.4,Kenyan  Chicken,31/07/2020,15:07:39
Artcaffe Two Rivers,https://food.jumia.co.ke/restaurant/k7wf/artcaffe-two-rivers,4.5,Burger  Continental  Salad  Sandwiches  Cakes & Pastries,31/07/2020,15:07:39
Creamy Inn-Valley Arcade,https://food.jumia.co.ke/restaurant/k7th/creamy-inn-valley-arcade,4.3,Ice Cream,31/07/2020,15:07:39
Black Parrot-Bei Poa,https://food.jumia.co.ke/restaurant/k2pv/black-parrot-bei-poa,4.4,Kenyan,31/07/2020,15:07:39
Mugg and Bean On the Move-Ngong Road,https://food.jumia.co.ke/restaurant/k6ez/mugg-and-bean-on-the-move-ngong-road,4.7,Sandwiches  Snacks  Continental,31/07/2020,15:07:39
Cafe Naivas - Westlands,https://food.jumia.co.ke/restaurant/k2nh/cafe-naivas-westlands,4.6,Chicken  Healthy Food  Salad  Sandwiches  Kenyan,31/07/2020,15:07:40
Yummy Restaurant - Bei Poa,https://food.jumia.co.ke/restaurant/k4nb/yummy-restaurant-bei-poa,4.4,African  Snacks  Kenyan,31/07/2020,15:07:40
Chicken Inn - 680,https://food.jumia.co.ke/restaurant/k5vm/chicken-inn-680,3,Burger  Pizza  Chicken,31/07/2020,15:07:40
Mugg & Bean - Village Market,https://food.jumia.co.ke/restaurant/k0ft/mug-and-bean,4.4,Burger  Cakes & Pastries  Milkshakes  Pasta  Salad  Sandwiches  Continental,31/07/2020,15:07:40
Creamy Inn-Westlands,https://food.jumia.co.ke/restaurant/k4gj/creamy-inn-westlands,3.5,Cakes & Pastries,31/07/2020,15:07:40
Artcaffe - Argwings Kodhek,https://food.jumia.co.ke/restaurant/k1nj/artcaffe,4.3,Burger  Cakes & Pastries  Continental,31/07/2020,15:07:40
Mama Choma,https://food.jumia.co.ke/restaurant/k0vy/mama-choma,4.3,African  Chicken  Kenyan,31/07/2020,15:07:40
Bbrood - Village Market,https://food.jumia.co.ke/restaurant/k3kz/bbrood-village-market,4.9,Cakes & Pastries,31/07/2020,15:07:40
Urban - Westlands,https://food.jumia.co.ke/restaurant/k4gq/urban-westlands,4.6,Chicken  Milkshakes  Burger,31/07/2020,15:07:40
News Cafe -Adlife,https://food.jumia.co.ke/restaurant/k5bs/news-cafe-adlife-kilimani,4.5,Burger  Chicken  Healthy Food  Mexican  Pasta  Salad  Sandwiches  Seafood  Vegetarian  Continental,31/07/2020,15:07:40
Artcaffe - Junction,https://food.jumia.co.ke/restaurant/k7ih/artcaffe-junction,4.6,Burger  Chicken  Continental  Salad  Sandwiches  Cakes & Pastries,31/07/2020,15:07:40
Roro's.Co,https://food.jumia.co.ke/restaurant/k1hb/roro-s-co,4.8,Salad  Sandwiches  Healthy Food,31/07/2020,15:07:40
Pies by Bae,https://food.jumia.co.ke/restaurant/k0ta/pies-by-bae,4.7,Cheese  Continental  Chicken,31/07/2020,15:07:40
Brew Bistro & Lounge,https://food.jumia.co.ke/restaurant/k6vu/brew-bistro-lounge,3.9,Burger  Continental  Pasta  Barbeque,31/07/2020,15:07:40
Chicken Inn - Fourways,https://food.jumia.co.ke/restaurant/k9zp/chicken-inn-fourways,4.4,Chicken  Pizza,31/07/2020,15:07:40
Canteen - Valley Arcade,https://food.jumia.co.ke/restaurant/k5wl/canteen-valley-arcade,3.7,Chicken  Kenyan,31/07/2020,15:07:40
Special tandoori Tikka Barbecue,https://food.jumia.co.ke/restaurant/k9rd/special-tandoori-tikka-barbecue,4.7,Barbeque  Chicken  Indian,31/07/2020,15:07:40
Bridges Organic Restaurant,https://food.jumia.co.ke/restaurant/k5ei/bridges-organic-restaurant,3.5,Vegetarian  Healthy Food,31/07/2020,15:07:40
Bridges Organic Restaurant - Kaunda Street,https://food.jumia.co.ke/restaurant/k2jk/bridges-organic-restaurant-kaunda-street,5,Vegetarian  Healthy Food,31/07/2020,15:07:40
Creamy Inn - Ambassador,https://food.jumia.co.ke/restaurant/k6ua/creamy-inn-ambassador,4.6,Sandwiches  Ice Cream,31/07/2020,15:07:41
Mugg and Bean On the Move-Hurlingham Bei Poa,https://food.jumia.co.ke/restaurant/k2rh/mugg-and-bean-on-the-move-hurlingham-bei-poa,4.7,Cakes & Pastries  Snacks  Sandwiches,31/07/2020,15:07:41
Java House Coffee - KMA,https://food.jumia.co.ke/restaurant/k0et/java-house-coffee-kma,0,Coffee-Coffee beans,31/07/2020,15:07:41
Snack Attack DIY,https://food.jumia.co.ke/restaurant/k7rv/snack-attack-diy,0,Cheese  Chicken,31/07/2020,15:07:41
Zerubar Food - Bei Poa,https://food.jumia.co.ke/restaurant/k2bz/zerubar,4.4,Chicken  Fish  Meat  Kenyan,31/07/2020,15:07:41
Dolce and Amaroo,https://food.jumia.co.ke/restaurant/k3yn/dolce-and-amaroo,0,Cheese  Desserts,31/07/2020,15:07:41
Amici Restaurant,https://food.jumia.co.ke/restaurant/k9hk/amici-restaurant,0,African  Kenyan,31/07/2020,15:07:41
Cafe Bakuli,https://food.jumia.co.ke/restaurant/k7av/cafe-bakuli,0,African,31/07/2020,15:07:41
Indigo Food and Lounge,https://food.jumia.co.ke/restaurant/k8ms/indigo-food-and-lounge,0,Continental  Turkey  Turkish,31/07/2020,15:07:41
Istanbul House - Two Rivers,https://food.jumia.co.ke/restaurant/k9nc/istanbul,0,Chicken  Barbeque,31/07/2020,15:07:41
Karen Kitchen Restaurant & Grill,https://food.jumia.co.ke/restaurant/k9pu/karen-kitchen-restaurant,0,Barbeque  Burger  Salad  Snacks  Chicken,31/07/2020,15:07:41
NewYork Delicatessen - Jogoo Road,https://food.jumia.co.ke/restaurant/k3ve/newyork-delicatessen-jogoo-road,0,Chicken  Goat meat  Barbeque,31/07/2020,15:07:41
County 2 county Choma Grill,https://food.jumia.co.ke/restaurant/k3xn/county-2-county-choma-grill,0,Chicken  Kenyan  Continental,31/07/2020,15:07:41
Saape Lounge - CBD,https://food.jumia.co.ke/restaurant/k3ii/saape-lounge-cbd,4.3,African  Kenyan,31/07/2020,15:07:41
Azizi Pork and Choma Masters,https://food.jumia.co.ke/restaurant/k0ld/azizi-pork-and-choma-masters,0,Pizza,31/07/2020,15:07:41
Creamy Inn - 680,https://food.jumia.co.ke/restaurant/k1zz/creamy-inn-680,0,Cakes & Pastries,31/07/2020,15:07:41
Creamy Inn - Westgate,https://food.jumia.co.ke/restaurant/k6bi/creamy-inn-westgate,5,Sandwiches,31/07/2020,15:07:41
Creamy Inn- Ngong Road,https://food.jumia.co.ke/restaurant/k9nq/creamy-inn-ngong-road,4.7,Kenyan,31/07/2020,15:07:41
Kifaru Place,https://food.jumia.co.ke/restaurant/k4hb/kifaru-place,0,Chinese  Pan Asian  Salad  Thai,31/07/2020,15:07:41
Ohcha Noodle Bar - Westlands,https://food.jumia.co.ke/restaurant/k5qi/ohcha-noodle-bar,4.7,African  Continental  Halal  Healthy Food,31/07/2020,15:07:41
Kichen - Bei Poa,https://food.jumia.co.ke/restaurant/k7pi/kichen-bei-poa,4.5,Groceries  Supermarket,31/07/2020,15:07:42
Carrefour Supermarket- KH,https://food.jumia.co.ke/restaurant/k7lr/carrefour-supermarket-karen-hub,4.7,African  Cakes & Pastries  Salad  Healthy Food,31/07/2020,15:07:42
Zucchini Deli-Karen,https://food.jumia.co.ke/restaurant/k9wm/zucchini-deli-karen,3.8,Chicken,31/07/2020,15:07:42
KFC Hurlingham,https://food.jumia.co.ke/restaurant/k1xr/kfc-hurlingham,4.8,Chicken,31/07/2020,15:07:42
KFC Garden City,https://food.jumia.co.ke/restaurant/k8mn/kfc-garden-city,4.7,Pizza,31/07/2020,15:07:42
Debonair's Pizza - Ngong Road,https://food.jumia.co.ke/restaurant/k4gz/debonair-s-pizza-ngong-road,4.8,Pizza,31/07/2020,15:07:42
Debonairs Pizza - ABC,https://food.jumia.co.ke/restaurant/k4mh/debonairs-pizza-abc,4.6,Pizza,31/07/2020,15:07:42
Debonair's Pizza - Muindi Mbingu,https://food.jumia.co.ke/restaurant/k0zr/debonair-s-pizza-muindi-mbingu,4.8,Barbeque  Burger  Chicken,31/07/2020,15:07:42
Steers - Ngong Road,https://food.jumia.co.ke/restaurant/k0rh/steers-ngong-road,4.7,Pizza,31/07/2020,15:07:42
Debonair's Pizza - Quickmart,https://food.jumia.co.ke/restaurant/k5bt/debonair-s-pizza-quickmart,4.8,Pizza,31/07/2020,15:07:42
Pizza Inn- Greenspan,https://food.jumia.co.ke/restaurant/k0sa/pizza-inn-greenspan,4.7,Barbeque  Indian  Chicken,31/07/2020,15:07:42
Planet Barbeque,https://food.jumia.co.ke/restaurant/k5zl/planet-barbeque,4.7,Chicken  Chinese  Seafood  Vegetarian  Indian,31/07/2020,15:07:42
Rolls & Bowls( by Haandi),https://food.jumia.co.ke/restaurant/k0ef/rolls-bowls-by-haandi,5,Chicken  Milkshakes  Burger,31/07/2020,15:07:42
Urban - Gallant,https://food.jumia.co.ke/restaurant/k9tn/urban-gallant,4.5,Barbeque  Chicken  Burger,31/07/2020,15:07:42
Steers - Muindi Mbingu,https://food.jumia.co.ke/restaurant/k1du/steers-muindi-mbingu,4.7,Burger  Chicken,31/07/2020,15:07:42
Chicken Inn-Thika Road,https://food.jumia.co.ke/restaurant/k2km/chicken-inn-thika-road,4.5,Chicken  Seafood  Vegetarian  Indian,31/07/2020,15:07:42
Bukhara By Haandi,https://food.jumia.co.ke/restaurant/k5gz/bukhara-by-haandi,5,Chicken,31/07/2020,15:07:42
Galito's -Valley Arcade,https://food.jumia.co.ke/restaurant/k5mf/galito-s-valley-arcade,4.7,Pizza,31/07/2020,15:07:42
Pizza Inn - Garden City,https://food.jumia.co.ke/restaurant/k0qz/pizza-inn-garden-city,4.6,Pizza,31/07/2020,15:07:42
Pizza Inn - Waiyaki Way,https://food.jumia.co.ke/restaurant/k8sa/pizza-inn-waiyaki-way,4.7,African  Chicken  Kenyan,31/07/2020,15:07:42
Eve's Kitchen,https://food.jumia.co.ke/restaurant/k2st/eve-s-kitchen,0,Pizza,31/07/2020,15:07:42
Pizza Inn- Embakasi,https://food.jumia.co.ke/restaurant/k0hf/pizza-inn-embakasi,4.6,Pizza,31/07/2020,15:07:42
Pizza Inn - Ngong Road,https://food.jumia.co.ke/restaurant/k6qe/pizza-inn-ngong-road,4.6,Healthy Food  Juices,31/07/2020,15:07:43
Tru-berries juice bar,https://food.jumia.co.ke/restaurant/k3fx/tru-berries-juice-bar,5,Burger  Cakes & Pastries  Salad  Sandwiches  Continental,31/07/2020,15:07:43
Artcaffe - Lavington,https://food.jumia.co.ke/restaurant/k8gq/artcaffe-lavington,4.5,Supermarket,31/07/2020,15:07:43
Carrefour Supermarket - S,https://food.jumia.co.ke/restaurant/k2rp/carrefour-supermarket,4.6,Burger  Chicken  Barbeque,31/07/2020,15:07:43
Big Square - Adlife,https://food.jumia.co.ke/restaurant/k3uf/big-square-adlife,4.6,Pizza,31/07/2020,15:07:43
Pizza Inn - Valley Arcade,https://food.jumia.co.ke/restaurant/k2lk/pizza-inn-valley-arcade,4.6,Barbeque  Burger  Chicken,31/07/2020,15:07:43
Big Square - Garden City,https://food.jumia.co.ke/restaurant/k3cm/big-square-garden-city,4.6,Continental  Chicken,31/07/2020,15:07:43
Java House Valley Arcade,https://food.jumia.co.ke/restaurant/k9ka/java-house-valley-arcade,4.6,Burger  Chicken  Barbeque,31/07/2020,15:07:43
Big Square - Wilson,https://food.jumia.co.ke/restaurant/k3bf/big-square-wilson,4.6,Continental  Chicken,31/07/2020,15:07:43
Java House - Lavington,https://food.jumia.co.ke/restaurant/k6ui/java-lavington,4.7,Continental  Chicken,31/07/2020,15:07:43
Java House Capital Centre,https://food.jumia.co.ke/restaurant/k1ct/java-house-capital-centre,4.6,Pizza,31/07/2020,15:07:43
Pizza Inn - Langata Road,https://food.jumia.co.ke/restaurant/k3ap/pizza-inn-langata-road,4.7,Barbeque  Burger  Chicken,31/07/2020,15:07:43
Steers - Donholm,https://food.jumia.co.ke/restaurant/k5lc/steers-donholm,4.7,Burger  Chicken  Barbeque,31/07/2020,15:07:43
Big Square - Lavington,https://food.jumia.co.ke/restaurant/k0ea/big-square-lavington,4.4,Pizza,31/07/2020,15:07:43
Pizza Inn - Westlands,https://food.jumia.co.ke/restaurant/k0ay/pizza-inn-westlands,4.6,African  Chinese  Continental,31/07/2020,15:07:44
Salehe Safaris Hotel,https://food.jumia.co.ke/restaurant/k7cw/salehe-safaris-hotel,0,Burger  Chicken,31/07/2020,15:07:44
Chicken Inn- Greenspan,https://food.jumia.co.ke/restaurant/k5ps/chicken-inn-greenspan,4.5,Alcoholic Drinks  Barbeque  Salad  Burger,31/07/2020,15:07:44
Big Square - Mountain View,https://food.jumia.co.ke/restaurant/k4cy/big-square-mountain-view,4.6,Halal  Healthy Food  Indian,31/07/2020,15:07:44
Sanjha Chulha Restaurant,https://food.jumia.co.ke/restaurant/k0ab/sanjha-chulha-restaurant,4.3,Pizza,31/07/2020,15:07:44
Pizza Mojo Garden City,https://food.jumia.co.ke/restaurant/k5ov/pizza-mojo-garden-city,4.6,Chicken,31/07/2020,15:07:44
Galito's -Forestedge,https://food.jumia.co.ke/restaurant/k4ry/galito-s-forestedge,4.6,Pizza,31/07/2020,15:07:44
Pizza Inn - Buruburu,https://food.jumia.co.ke/restaurant/k3zy/pizza-inn-buruburu,4.6,Pizza,31/07/2020,15:07:44
Pizza Inn - Junction Mall,https://food.jumia.co.ke/restaurant/k4rn/pizza-inn-junction-mall,4.8,Continental  Chicken,31/07/2020,15:07:44
Java House - Southfield,https://food.jumia.co.ke/restaurant/k2tp/java-house-southfield-vendor,4.6,Chicken,31/07/2020,15:07:44
Chicken Inn-Embakasi,https://food.jumia.co.ke/restaurant/k9er/chicken-inn-embakasi,4.6,Supermarket,31/07/2020,15:07:44
Carrefour Supermarket -M,https://food.jumia.co.ke/restaurant/k6vv/carrefour-supermarket-mega,4.8,Continental  Chicken,31/07/2020,15:07:44
Java House - Greenspan,https://food.jumia.co.ke/restaurant/k5pf/java-house-greenspan,4.7,Continental,31/07/2020,15:07:44
Pregamers Restaurant,https://food.jumia.co.ke/restaurant/k2dm/pregamers-restaurant,0,Pizza,31/07/2020,15:07:44
Pizza Inn - Two Rivers,https://food.jumia.co.ke/restaurant/k6cc/pizza-inn-two-rivers,4.6,Continental  Pizza,31/07/2020,15:07:44
Pizza Inn -Forestedge,https://food.jumia.co.ke/restaurant/k2kj/pizza-inn-forestedge,4.5,Continental  Chicken,31/07/2020,15:07:44
Java House - ABC,https://food.jumia.co.ke/restaurant/k3nq/java-abc,4.7,Sushi  Japanese,31/07/2020,15:07:44
Furusato Japanese Restaurant,https://food.jumia.co.ke/restaurant/k8gg/furusato-japanese-restaurant,4.9,Chicken  Milkshakes  Burger,31/07/2020,15:07:44
Urban - Two Rivers,https://food.jumia.co.ke/restaurant/k9nj/urban-gourmet-burger-two-rivers,4.6,Italian  Pasta  Salad  Pizza,31/07/2020,15:07:44
Mambo Italia - Lavington,https://food.jumia.co.ke/restaurant/k8fs/mambo-italia,4.7,Chicken  Milkshakes  Burger,31/07/2020,15:07:44
Urban - Lavington,https://food.jumia.co.ke/restaurant/k5sa/urban-gourmet-burger-lavington,3.8,Burger  Cakes & Pastries  Desserts  Pizza  Continental,31/07/2020,15:07:44
CJ's Village Market,https://food.jumia.co.ke/restaurant/k7rq/cl-s-village-market,4.6,Chicken  Milkshakes  Burger,31/07/2020,15:07:45
Urban - Capital Center,https://food.jumia.co.ke/restaurant/k6bs/urban-capital-center,4.6,Continental,31/07/2020,15:07:45
Cinammon Cafe,https://food.jumia.co.ke/restaurant/k6he/cinammon-cafe,5,Barbeque  Chicken  Burger,31/07/2020,15:07:45
Big Square- Two rivers,https://food.jumia.co.ke/restaurant/k9tx/big-square-two-rivers,4.6,Pizza,31/07/2020,15:07:45
Pizza Inn - St. Austin Lavington,https://food.jumia.co.ke/restaurant/k0rr/pizza-inn-st-austin-lavington,4.5,Pizza,31/07/2020,15:07:45
Pizza Inn -Ojijo Road,https://food.jumia.co.ke/restaurant/k3oo/pizza-inn-ojijo-road,4.8,Chinese,31/07/2020,15:07:45
7-Day Chinese Restaurant,https://food.jumia.co.ke/restaurant/k7wl/7-day-chinese-restaurant,4,Thai,31/07/2020,15:07:45
Ohcha Noodle Bar - Kimathi,https://food.jumia.co.ke/restaurant/k7sl/ohcha-noodle-bar-kimathi,4.3,Mexican,31/07/2020,15:07:45
Sabor A` Mexico - TRM,https://food.jumia.co.ke/restaurant/k4cc/sabor-a-mexico,4.5,African  Meat  Indian,31/07/2020,15:07:45
Meaty Meat & Veg Corner- Garden City,https://food.jumia.co.ke/restaurant/k1dn/meaty-meat-veg-corner-garden-city,4.4,Cakes & Pastries  Chicken  Milkshakes  Salad  Sandwiches  Continental,31/07/2020,15:07:45
Java House Mbagathi,https://food.jumia.co.ke/restaurant/k2qa/java-house-mbagathi,4.5,Continental  Chicken,31/07/2020,15:07:45
Java House Karen,https://food.jumia.co.ke/restaurant/k1ty/java-house-karen,4.4,Chicken,31/07/2020,15:07:45
Galito's -Thika Road,https://food.jumia.co.ke/restaurant/k1ku/galito-s-thika-road,4.8,Continental  Chicken,31/07/2020,15:07:45
Java House - KMA,https://food.jumia.co.ke/restaurant/k6dk/java-house-kma,4.6,Burger  Continental,31/07/2020,15:07:45
Joe's Wings Atlanta - CBD,https://food.jumia.co.ke/restaurant/k2nr/joe-s-wings-atlanta-cbd,4.3,Chicken  Seafood  Chinese,31/07/2020,15:07:45
Mister Wok-Parklands,https://food.jumia.co.ke/restaurant/k0bk/mister-wok-parklands,4.2,Burger  Cakes & Pastries  Pasta  Pizza  Salad  Continental,31/07/2020,15:07:45
Honey and Dough,https://food.jumia.co.ke/restaurant/k3pu/honey-and-dough,4.2,African,31/07/2020,15:07:45
Tunic Kitchen - Bei Poa,https://food.jumia.co.ke/restaurant/k1yy/tunic-restaurant,4.3,Chinese,31/07/2020,15:07:46
Taste of China,https://food.jumia.co.ke/restaurant/k8mi/taste-of-china,4.2,African  Barbeque  Kenyan,31/07/2020,15:07:46
Baba Nyama Choma - Wood Avenue,https://food.jumia.co.ke/restaurant/k9ck/baba-nyama-choma-wood-avenue,4.1,Halal  Indian  Vegetarian  Healthy Food,31/07/2020,15:07:46
Caribea,https://food.jumia.co.ke/restaurant/k5zy/caribea,4.4,African  Ethiopian,31/07/2020,15:07:46
Awash Ethiopian,https://food.jumia.co.ke/restaurant/k6fj/awash-ethiopian,4.4,Burger  Continental  Salad  Sandwiches  Cakes & Pastries,31/07/2020,15:07:46
Artcaffe Garden City,https://food.jumia.co.ke/restaurant/k6yz/artcaffe-garden-city,4.5,Burger  Chicken  Barbeque,31/07/2020,15:07:46
Big Square - Junction,https://food.jumia.co.ke/restaurant/k2du/big-square-junction,4.5,Burger  Chicken,31/07/2020,15:07:46
Chicken Inn - Westgate,https://food.jumia.co.ke/restaurant/k8kc/chicken-inn-westgate,4.5,Barbeque  Kenyan  Indian,31/07/2020,15:07:46
Secret Ingredients,https://food.jumia.co.ke/restaurant/k7hs/secret-ingredients,4.6,Pizza,31/07/2020,15:07:46
Pizza Inn - Westgate,https://food.jumia.co.ke/restaurant/k8ka/pizza-inn-westgate,4.6,Burger  Cakes & Pastries  Juices  Pasta  Salad  Sandwiches  Continental,31/07/2020,15:07:46
Mugg and Bean - Sarit,https://food.jumia.co.ke/restaurant/k4kx/mugg-and-bean-sarit,4.6,Chicken  Continental  Halal  Indian  African,31/07/2020,15:07:46
Kilimanjaro - Jamia,https://food.jumia.co.ke/restaurant/k3jy/kilimanjaro-jamia,4.6,Body  Ethiopian,31/07/2020,15:07:46
Abyssinia Ethiopian Restaurant,https://food.jumia.co.ke/restaurant/k1rf/abyssinia-ethiopian-restaurant,4.8,Cakes & Pastries,31/07/2020,15:07:46
Bbrood - Karen Landmark,https://food.jumia.co.ke/restaurant/k9qe/bbrood-karen-landmark,4.9,Italian  Pasta  Salad  Pizza,31/07/2020,15:07:46
Mambo Italia - Westlands,https://food.jumia.co.ke/restaurant/k1vh/mambo-italia-westlands,4.7,Mexican,31/07/2020,15:07:46
Fonda's Taqueria Westlands,https://food.jumia.co.ke/restaurant/k3lk/fonda-s-taqueria-westlands,4.7,Burger  Halal  Kenyan  Chicken,31/07/2020,15:07:46
Mc Frys - Karen - Bei poa,https://food.jumia.co.ke/restaurant/k3tg/mc-frys-karen-bei-poa,4.5,African  Barbeque  Burger  Chicken,31/07/2020,15:07:46
Flame Grill,https://food.jumia.co.ke/restaurant/k3gb/flame-grill,3.3,Barbeque  Chicken  Burger,31/07/2020,15:07:46
Rocomamas - Village Market,https://food.jumia.co.ke/restaurant/k2dd/rocomamas,4.3,Lebanese  Seafood  Sushi,31/07/2020,15:07:46
Phoenician Japanese Restaurant & Sushi Bar,https://food.jumia.co.ke/restaurant/k8wy/phoenician-restaurant-sushi-bar,4.9,Chicken,31/07/2020,15:07:46
Chicken Inn- Garden City,https://food.jumia.co.ke/restaurant/k0rv/chicken-inn-garden-city,4.5,African  Barbeque  Kenyan,31/07/2020,15:07:46
Baba Nyama Choma - Bei Poa - Wood Avenue,https://food.jumia.co.ke/restaurant/k8qo/baba-nyama-choma-bei-poa-wood-aveanue,3.7,Continental  Chicken,31/07/2020,15:07:47
Java House - Ciata Mall,https://food.jumia.co.ke/restaurant/k4bh/java-house-ciata-mall,4.7,Chicken  Chinese  Indian,31/07/2020,15:07:47
Shangrila Parklands,https://food.jumia.co.ke/restaurant/k8ab/shangrila,4.2,Kenyan,31/07/2020,15:07:47
Kabuda's Kitchen - Bei Poa,https://food.jumia.co.ke/restaurant/k4gi/kabuda-s-kitchen-bei-poa,4.7,Meat  Sandwiches  Seafood  Continental,31/07/2020,15:07:47
Mi Lola Tapas & Wine Bar,https://food.jumia.co.ke/restaurant/k3wr/mi-lola-tapas,0,Healthy Food  Mexican  Barbeque,31/07/2020,15:07:47
Peppertree,https://food.jumia.co.ke/restaurant/k6nt/peppertree,4.7,Chicken  Seafood  Chinese,31/07/2020,15:07:47
Mister Wok - The Hub,https://food.jumia.co.ke/restaurant/k6ma/mister-wok-the-hub,4.4,Burger  Chicken  Pizza  Sandwiches  Vegetarian,31/07/2020,15:07:47
Chicago the Pizza Place,https://food.jumia.co.ke/restaurant/k7lf/chicago-the-pizza-place,4.4,Barbeque  Burger  Salad  Snacks  Chicken,31/07/2020,15:07:47
NewYork Delicatessen - Jogoo Road - Bei Poa,https://food.jumia.co.ke/restaurant/k4dn/newyork-delicatessen-jogoo-road-bei-poa,4.1,Chicken,31/07/2020,15:07:47
Galito's - Capital Center,https://food.jumia.co.ke/restaurant/k2xj/galito-s-capital-center,4.8,Japanese  Sushi  Thai  Vegetarian  Chinese,31/07/2020,15:07:47
Mushu Oriental,https://food.jumia.co.ke/restaurant/k4hz/mushu-oriental,5,Burger  Chicken,31/07/2020,15:07:47
Maritozz Bei Poa,https://food.jumia.co.ke/restaurant/k1kq/maritozz,4.2,Burger  Chicken,31/07/2020,15:07:47
Galito's - Junction,https://food.jumia.co.ke/restaurant/k0hb/galito-s-junction,4.6,Chicken  Milkshakes  Burger,31/07/2020,15:07:47
Urban - Garden City,https://food.jumia.co.ke/restaurant/k5xw/urban-garden-city,4.7,Halal  Vegetarian  Indian,31/07/2020,15:07:47
Royal Spice Kitchen,https://food.jumia.co.ke/restaurant/k9lj/royal-spice-kitchen,4.4,Healthy Food  Vegetarian  Indian,31/07/2020,15:07:47
Chowpaty - Westlands,https://food.jumia.co.ke/restaurant/k8wk/chowpaty-westlands,4.2,African  Barbeque  Chinese  Indian,31/07/2020,15:07:47
Whitefield Restaurant,https://food.jumia.co.ke/restaurant/k8av/whitefield-restaurant,4.5,Pizza,31/07/2020,15:07:47
Pizza Mojo - Junction,https://food.jumia.co.ke/restaurant/k4ii/pizza-mojo-junction,4.7,Continental,31/07/2020,15:07:47
Wasp and Sprout,https://food.jumia.co.ke/restaurant/k4fl/wasp-and-sprout,4.8,Pan Asian,31/07/2020,15:07:47
Pan Asian Yao,https://food.jumia.co.ke/restaurant/k5fa/pan-asian-yao,4.3,Barbeque  Continental  Kenyan  Arabian,31/07/2020,15:07:48
Manara Restaurant,https://food.jumia.co.ke/restaurant/k3gk/manara-restaurant,4.3,Continental  Indian  Chicken,31/07/2020,15:07:48
Marita's Bhajias,https://food.jumia.co.ke/restaurant/k3ka/marita-s-bhajias,4.6,Barbeque  Indian,31/07/2020,15:07:48
Spicy Barbecue House,https://food.jumia.co.ke/restaurant/k4yb/spicy-barbecue-house,3,Continental,31/07/2020,15:07:48
Charlie's Bistro - Kileleshwa,https://food.jumia.co.ke/restaurant/k2uc/charlie-s-bistro-kileleshwa,4.3,Halal  Continental,31/07/2020,15:07:48
Attibassi - Upperhill,https://food.jumia.co.ke/restaurant/k7zd/attibassi-upperhill,4.6,Kenyan  Nigerian,31/07/2020,15:07:48
Tomi's Kitchen Nairobi,https://food.jumia.co.ke/restaurant/k4mk/tomi-s-kitchen-nairobi,4,Continental  Mexican  Salad  Seafood  Sandwiches,31/07/2020,15:07:48
Pete's Cafe - Chania,https://food.jumia.co.ke/restaurant/k9rc/pete-s-cafe-chania,4.6,Chicken  Seafood  Chinese,31/07/2020,15:07:48
Mister Wok - 2 Rivers,https://food.jumia.co.ke/restaurant/k4wu/mister-wok-2-rivers,4.6,Barbeque  Indian,31/07/2020,15:07:48
Tikka Corner Barbeque,https://food.jumia.co.ke/restaurant/k2xz/tikka-corner-barbeque,4.8,Burger  Meat  Pasta  Pizza  Sandwiches  Continental,31/07/2020,15:07:48
Harvest Restaurant,https://food.jumia.co.ke/restaurant/k7bh/harvest-restaurant,5,Lebanese,31/07/2020,15:07:48
Hob House,https://food.jumia.co.ke/restaurant/k9wt/hob-house,4.8,Arabian  Halal  Kenyan,31/07/2020,15:07:48
Lavash Cafe,https://food.jumia.co.ke/restaurant/k7hx/lavash-cafe,4.5,Lebanese  Seafood  Sushi,31/07/2020,15:07:48
Phoenician Lebanese Restaurant & Sushi Bar,https://food.jumia.co.ke/restaurant/k9cf/phoenician-japanese-restaurant-sushi-bar,4.2,Burger,31/07/2020,15:07:48
FNKYBGR,https://food.jumia.co.ke/restaurant/k4km/fnkybgr,4.4,African  Barbeque  Kenyan,31/07/2020,15:07:48
Baba Nyama Choma - Nairobi West,https://food.jumia.co.ke/restaurant/k9mm/baba-nyama-choma-vendor,4,Indian  Kenyan,31/07/2020,15:07:48
Nagalas Chakula,https://food.jumia.co.ke/restaurant/k5vx/nagalas-chakula,4.4,Chicken,31/07/2020,15:07:49
Chicken House - Ruaka,https://food.jumia.co.ke/restaurant/k7cs/chicken-house-ruaka,4,Halal  Salad  Sandwiches  Healthy Food,31/07/2020,15:07:49
Absolute Juice,https://food.jumia.co.ke/restaurant/k8yn/absolute-juice,4.5,Indian,31/07/2020,15:07:49
Moto Moto Barbecue,https://food.jumia.co.ke/restaurant/k1rw/moto-moto-barbecue,4.2,Ice Cream,31/07/2020,15:07:49
Cold Stone Creamery- Galleria,https://food.jumia.co.ke/restaurant/k1na/coldstone-creamery-galleria,5,Cakes & Pastries,31/07/2020,15:07:49
Bbrood - Magadi Road,https://food.jumia.co.ke/restaurant/k1xt/bbrood-kenya,5,African  Kenyan  Chicken,31/07/2020,15:07:49
Dial a Koroga - Bei Poa,https://food.jumia.co.ke/restaurant/k4ys/dial-a-koroga-bei-poa,4.4,Sushi  Pan Asian,31/07/2020,15:07:49
Asian Gardens,https://food.jumia.co.ke/restaurant/k0vr/asian-gardens,4,Italian,31/07/2020,15:07:49
Panarottis,https://food.jumia.co.ke/restaurant/k7qs/panarottis,5,Milkshakes  Ice Cream,31/07/2020,15:07:49
Cold Stone Creamery - TRM,https://food.jumia.co.ke/restaurant/k9ir/coldstone-creamery-trm,4.1,Chicken  Seafood  Chinese,31/07/2020,15:07:49
Mister Wok-Mombasa road,https://food.jumia.co.ke/restaurant/k4it/mister-wok-mombasa-road,4.3,African,31/07/2020,15:07:49
Baba Nyama Grill,https://food.jumia.co.ke/restaurant/k0fr/baba-nyama-grill,4.7,Burger  Halal  Kenyan  Chicken,31/07/2020,15:07:49
Mc Frys - Gigiri - Bei poa,https://food.jumia.co.ke/restaurant/k3to/mc-frys-gigiri-bei-poa,4.4,Chicken  Kenyan,31/07/2020,15:07:49
Canteen - Gallant,https://food.jumia.co.ke/restaurant/k5hl/canteen-gallant,4,Chicken,31/07/2020,15:07:50
Kukito - Lavington,https://food.jumia.co.ke/restaurant/k5tm/kukito-lavington,4,Chicken,31/07/2020,15:07:50
Galito's - Garden City,https://food.jumia.co.ke/restaurant/k2ta/galito-s-garden-city1,4.8,Milkshakes  Ice Cream,31/07/2020,15:07:50
Cold Stone Creamery - UN Corner,https://food.jumia.co.ke/restaurant/k2xs/coldstone,4.8,Pasta,31/07/2020,15:07:50
Pasta Republic,https://food.jumia.co.ke/restaurant/k6gi/pasta-republic,0,African  Burger  Chicken  Goat meat  Ice Cream  Juices  Kenyan  Milkshakes  Salad  Meat,31/07/2020,15:07:50
Meaty Meat & Veg. Corner,https://food.jumia.co.ke/restaurant/k0wt/meaty-meat,5,Pizza,31/07/2020,15:07:50
Pizza Mojo-Two Rivers,https://food.jumia.co.ke/restaurant/k0dn/pizza-mojo-two-rivers,4.7,Pizza  Wine  Italian,31/07/2020,15:07:50
La Cantina,https://food.jumia.co.ke/restaurant/k3lr/la-cantina,4.6,African  Kenyan,31/07/2020,15:07:50
Fiesta Place-Westlands,https://food.jumia.co.ke/restaurant/k1cq/fiesta-place-westlands,5,African  Continental  Kenyan,31/07/2020,15:07:50
Glorious Kitchen-Bei Poa,https://food.jumia.co.ke/restaurant/k0wo/glorious-kitchen-bei-poa,4,Healthy Food  Herbs and Spices  Vegetarian  Salad,31/07/2020,15:07:50
Rabuko Salad Bistro,https://food.jumia.co.ke/restaurant/k9pv/rabuko-salad-bistro,0,Chicken  Salad  Continental,31/07/2020,15:07:50
The Snack Express,https://food.jumia.co.ke/restaurant/k5qh/the-snack-express,4.6,Continental,31/07/2020,15:07:50
Saape Lounge-Ciata Mall,https://food.jumia.co.ke/restaurant/k1nf/saape-lounge-ciata-mall,4.5,Sandwiches,31/07/2020,15:07:50
Creamy Inn-Buruburu,https://food.jumia.co.ke/restaurant/k0hq/creamy-inn-buruburu,0,Desserts  Health and wellness  Milkshakes  Non-Alcoholic Drinks  Juices,31/07/2020,15:07:50
Ruby Cold House,https://food.jumia.co.ke/restaurant/k5hx/ruby-cold-house,5,Chicken  Chinese  Indian,31/07/2020,15:07:50
Shangrila Muthaiga,https://food.jumia.co.ke/restaurant/k8yw/shangrila-muthaiga,4.4,Kenyan  Fish,31/07/2020,15:07:50
The Big Fish - Bei Poa,https://food.jumia.co.ke/restaurant/k8is/the-big-fish-bei-poa,4.6,African  Burger,31/07/2020,15:07:50
Mama Rocks-Karen,https://food.jumia.co.ke/restaurant/k2ub/mama-rocks-karen,4.7,Supermarket,31/07/2020,15:07:50
Water by Carrefour,https://food.jumia.co.ke/restaurant/k3vv/water-by-carrefour,4.7,Burger  Continental  Salad  Sandwiches  Cakes & Pastries,31/07/2020,15:07:51
Artcaffe - Village Market,https://food.jumia.co.ke/restaurant/k6fp/artcaffe-village-market,4.4,Chicken  Seafood  Sushi,31/07/2020,15:07:51
Cheka Izakaya,https://food.jumia.co.ke/restaurant/k9uj/cheka-izakaya,4.4,Chicken  Milkshakes  Pizza,31/07/2020,15:07:51
Pizza Planet -TRM,https://food.jumia.co.ke/restaurant/k8qd/pizza-planet-trm,4.8,Burger  Continental  Sandwiches  Barbeque,31/07/2020,15:07:51
Spur Soaring Eagle,https://food.jumia.co.ke/restaurant/k4nc/spur-soaring-eagle,4.7,Pizza,31/07/2020,15:07:51
Pizza Inn - Parklands,https://food.jumia.co.ke/restaurant/k5lv/pizza-inn-parklands,4.7,Barbeque  Burger  Milkshakes  Salad  Sandwiches  Continental,31/07/2020,15:07:51
Golden Eagle Spur -Kiambu road,https://food.jumia.co.ke/restaurant/k2nd/golden-eagle-spur-kiambu-road,4.3,Burger  Cakes & Pastries  Juices  Salad  Sandwiches  Continental,31/07/2020,15:07:51
Artcaffe -Limuru Road,https://food.jumia.co.ke/restaurant/k2sn/artcaffe-limuru-road,4.5,Burger  Halal  Kenyan  Chicken,31/07/2020,15:07:51
Mc Frys - Gigiri,https://food.jumia.co.ke/restaurant/k6mg/mc-frys-gigiri,4.5,Burger  Halal  Kenyan  Chicken,31/07/2020,15:07:51
Mc Frys - Adams Arcade,https://food.jumia.co.ke/restaurant/k8rk/mc-frys-adams-arcade,4,Barbeque  Indian,31/07/2020,15:07:51
Tandoori Patio,https://food.jumia.co.ke/restaurant/k0yq/tanddori-patio,4.6,African,31/07/2020,15:07:51
Rokenias Kitchen,https://food.jumia.co.ke/restaurant/k0jq/rokenias-kitchen,4.2,Chicken  Milkshakes  Burger,31/07/2020,15:07:51
Urban - Ngong Road,https://food.jumia.co.ke/restaurant/k0zq/urban-ngong-road,4.6,Supermarket  Juices,31/07/2020,15:07:51
Keringet - Cabanas,https://food.jumia.co.ke/restaurant/k5ah/keringet-cabanas,5,Burger  Halal  Kenyan  Chicken,31/07/2020,15:07:51
Mc Frys - HighRidge,https://food.jumia.co.ke/restaurant/k7qd/mc-frys-highridge,4.5,Supermarket  Juices,31/07/2020,15:07:51
Keringet - Ngong Road,https://food.jumia.co.ke/restaurant/k0bj/keringet-ngong-road,4.9,Chicken  Milkshakes  Burger,31/07/2020,15:07:51
Urban - The Hub,https://food.jumia.co.ke/restaurant/k8wa/urban-the-hub,4.6,Continental  Burger,31/07/2020,15:07:52
Sierra Burger Bar (Yaya Center),https://food.jumia.co.ke/restaurant/k4qc/sierra-burger-bar,4.6,Indian,31/07/2020,15:07:52
Mughlai Terrace - Landmark Suites,https://food.jumia.co.ke/restaurant/k2al/mughlai-terrace-landmark-suites,4.1,Chicken  Continental  Italian  Pasta  Pizza,31/07/2020,15:07:52
Mediterraneo 9 west,https://food.jumia.co.ke/restaurant/k7xy/mediterraneo-restaurant,4.6,Chicken,31/07/2020,15:07:52
Galito's -Union,https://food.jumia.co.ke/restaurant/k8km/galito-s-union,4.6,Continental  Kenyan,31/07/2020,15:07:52
The Plate Restaurant - Bei Poa,https://food.jumia.co.ke/restaurant/k9dv/the-plate-restaurant-bei-poa,4.2,Chicken,31/07/2020,15:07:52
Pizza Inn - Fourways,https://food.jumia.co.ke/restaurant/k7dt/pizza-inn-fourways,4.5,Barbeque  Continental  Burger,31/07/2020,15:07:52
The Grill Shack,https://food.jumia.co.ke/restaurant/k4hi/the-grill-shack,4.5,Chicken  Halal  Indian,31/07/2020,15:07:52
Hyderabadi Briyani House,https://food.jumia.co.ke/restaurant/k8ln/hyderabadi-briyani-house,4,Nyama Choma  African,31/07/2020,15:07:52
En-Tumo Restaurant,https://food.jumia.co.ke/restaurant/k3wm/en-tumo-restaurant,4.7,Supermarket  Juices,31/07/2020,15:07:52
Coca-Cola Bottling Africa Distributor (Ngong Road),https://food.jumia.co.ke/restaurant/k6nh/coca-cola-company-ngong-road,5,Snacks  African,31/07/2020,15:07:52
Magic Plate Kitchen,https://food.jumia.co.ke/restaurant/k8li/magic-plate-kitchen,5,Burger  Pasta  Sandwiches  Continental,31/07/2020,15:07:52
Arbor Place,https://food.jumia.co.ke/restaurant/k9ez/arbor-place,4.4,Chicken,31/07/2020,15:07:52
Chicken Inn-Two rivers,https://food.jumia.co.ke/restaurant/k2sg/chicken-inn-two-rivers,4.6,Continental,31/07/2020,15:07:52
Saape Lounge - Lavington,https://food.jumia.co.ke/restaurant/k0hg/saape-lounge-lavington,3.8,Kenyan,31/07/2020,15:07:52
City Star Restaurant,https://food.jumia.co.ke/restaurant/k5js/city-star-restaurant,5,Continental  Sandwiches  Snacks  Halal,31/07/2020,15:07:52
Mugg and Bean On the Move-Limuru Road,https://food.jumia.co.ke/restaurant/k4in/mugg-and-bean-on-the-move-2,4.7,African  Indian  Italian,31/07/2020,15:07:53
Rustic Pipe Bistro,https://food.jumia.co.ke/restaurant/k6qm/rustic-pipe-bistro,0,Chicken,31/07/2020,15:07:53
Galito's - Lusaka road,https://food.jumia.co.ke/restaurant/k9px/galito-s-lusaka-road,4.7,Italian  Pasta  Salad  Pizza,31/07/2020,15:07:53
Mambo Italia - Garden City,https://food.jumia.co.ke/restaurant/k3wt/mambo-italia-garden-city,4.6,Burger  Chicken  Continental  Salad  African,31/07/2020,15:07:53
Kengele's Lavington,https://food.jumia.co.ke/restaurant/k5sd/kengele-s-lavington,4.8,Fish  Italian  Pizza  Egyptian,31/07/2020,15:07:53
Egyptian Chef,https://food.jumia.co.ke/restaurant/k7kw/egyptian-chef,5,Kenyan  Continental,31/07/2020,15:07:53
Anika Sweet n Savoury,https://food.jumia.co.ke/restaurant/k4gm/anika-sweet-n-savoury,4.8,Sandwiches,31/07/2020,15:07:53
Creamy Inn- Lusaka,https://food.jumia.co.ke/restaurant/k6xp/creamy-inn-lusaka,4.3,Gifts  Groceries  Herbs and Spices  Supermarket,31/07/2020,15:07:53
Carrefour Supermarket -TR,https://food.jumia.co.ke/restaurant/k2os/carrefour_river,4.5,Chinese  Indian  African,31/07/2020,15:07:53
Flavaz And Spyce,https://food.jumia.co.ke/restaurant/k1ic/flavaz,3,Kenyan,31/07/2020,15:07:53
Mangrove Restaurant,https://food.jumia.co.ke/restaurant/k7td/mangrove-restaurant,5,Chicken  Halal  Kenyan,31/07/2020,15:07:53
Swahili Plate - CBD,https://food.jumia.co.ke/restaurant/k1pe/swahili-plate-cbd,4.6,Supermarket  Juices,31/07/2020,15:07:53
Keringet - Langata,https://food.jumia.co.ke/restaurant/k8hs/keringet-langata,4,Pizza,31/07/2020,15:07:53
Pizza Mojo Moi Avenue,https://food.jumia.co.ke/restaurant/k1kx/pizza-mojo-moi-avenue,4.5,Supermarket  Juices,31/07/2020,15:07:53
Keringet - Syokimau,https://food.jumia.co.ke/restaurant/k8at/keringet-syokimau,5,Chicken  Pizza,31/07/2020,15:07:53
Pizza Inn-Thika Road,https://food.jumia.co.ke/restaurant/k8hy/pizza-inn-thika-road,4.6,Chicken,31/07/2020,15:07:53
Teriyaki Japan - Two Rivers,https://food.jumia.co.ke/restaurant/k6jo/teriyaki-japan-two-rivers,0,Chicken  Seafood  Vegetarian  Chinese,31/07/2020,15:07:53
Hakka By Haandi,https://food.jumia.co.ke/restaurant/k7vf/hakka-by-haandi,0,Chicken  Kenyan,31/07/2020,15:07:53
Canteen - Garden City,https://food.jumia.co.ke/restaurant/k9fo/canteen-garden-city,5,Indian,31/07/2020,15:07:54
Peppercorn - South C,https://food.jumia.co.ke/restaurant/k0ry/peppercorn-south-c,3.5,Snacks  Ice Cream,31/07/2020,15:07:54
Creamy Inn-Ojijo,https://food.jumia.co.ke/restaurant/k8ro/creamy-inn-ojijo,0,Barbeque  Burger  Salad  Snacks  Chicken,31/07/2020,15:07:54
NewYork Delicatessen - Outering Road,https://food.jumia.co.ke/restaurant/k1wx/newyork-delicatessen-ruaraka,4.1,Continental,31/07/2020,15:07:54
Medallion SteakHouse,https://food.jumia.co.ke/restaurant/k5xj/meddalion-steak-house,4.4,Kenyan  Continental,31/07/2020,15:07:54
Saape Lounge - TRM,https://food.jumia.co.ke/restaurant/k6ra/saape-lounge-trm,4.2,Burger  Chicken  Healthy Food  Mexican  Pasta  Salad  Sandwiches  Seafood  Vegetarian  Continental,31/07/2020,15:07:54
News Cafe -Hardy,https://food.jumia.co.ke/restaurant/k4xg/news-cafe-hardy,4.4,Kenyan  African,31/07/2020,15:07:54
Nyama Mama - Capital Center,https://food.jumia.co.ke/restaurant/k9gu/nyama-mama-capital-center,4.5,Sandwiches,31/07/2020,15:07:54
The Sandwich Joint - Bei Poa,https://food.jumia.co.ke/restaurant/k0yd/the-sandwich-joint-bei-poa,0,Burger  Continental  Indian  Pizza  Lebanese,31/07/2020,15:07:54
Aldar Restaurant,https://food.jumia.co.ke/restaurant/k1qy/aldar-restaurant,5,Burger  Chicken  Fish  Continental,31/07/2020,15:07:54
Pallet Cafe - Thigiri,https://food.jumia.co.ke/restaurant/k7rd/pallet-cafe,0,Pizza,31/07/2020,15:07:54
Pizza Inn - 680,https://food.jumia.co.ke/restaurant/k7ls/pizza-inn-680,5,Kenyan  African,31/07/2020,15:07:54
Tamambo,https://food.jumia.co.ke/restaurant/k1cf/tamambo,0,Supermarket  Juices,31/07/2020,15:07:55
Coca-Cola Bottling Africa Distributor (Cabanas),https://food.jumia.co.ke/restaurant/k0fk/coca-cola-company-cabanas,0,Continental  Fish,31/07/2020,15:07:55
Frying Nemo,https://food.jumia.co.ke/restaurant/k7uo/frying-nemo,5,Cheese  Juices  Groceries,31/07/2020,15:07:55
Roadside Food Corner Ltd,https://food.jumia.co.ke/restaurant/k4gf/roadside-food-corner-ltd,0,Continental  Chicken,31/07/2020,15:07:55
Zucchini Green Grocers-Westlands,https://food.jumia.co.ke/restaurant/k3wp/zucchini-green-grocers-westlands,4.3,Burger  Chicken,31/07/2020,15:07:55
Java House TRM,https://food.jumia.co.ke/restaurant/k9ev/java-house-trm,4.6,Supermarket  Juices,31/07/2020,15:07:55
Chicken Inn - Waiyaki Way,https://food.jumia.co.ke/restaurant/k3gj/chicken-inn-waiyaki-way,4.6,Continental  Italian  Pizza  Pasta,31/07/2020,15:07:55
Coca-Cola Bottling Africa Distributor (Langata),https://food.jumia.co.ke/restaurant/k0hj/coke-langata,0,African  Barbeque  Kenyan,31/07/2020,15:07:55
La Salumeria,https://food.jumia.co.ke/restaurant/k9se/la-salumeria,4.4,Continental  Pasta  Pizza,31/07/2020,15:07:55
Baba Nyama Choma - Bei Poa,https://food.jumia.co.ke/restaurant/k5gq/baba-nyama-choma,4.3,Sushi,31/07/2020,15:07:55
360 Degrees Artisan Pizza - ABC,https://food.jumia.co.ke/restaurant/k0nu/360-degrees-artisan-pizza,4.6,Burger  Chicken,31/07/2020,15:07:55
KAI -The Sushi Bar-,https://food.jumia.co.ke/restaurant/k4xr/kai-the-sushi-bar,4.7,Continental  Kenyan  Nigerian  African,31/07/2020,15:07:55
Chicken Inn-Lusaka,https://food.jumia.co.ke/restaurant/k4sh/chicken-inn-lusaka,4.5,Alcoholic Drinks  Pizza,31/07/2020,15:07:55
Le Palanka,https://food.jumia.co.ke/restaurant/k5wg/le-palanka,4,Chicken,31/07/2020,15:07:55
Pizza Mojo- Mountain View,https://food.jumia.co.ke/restaurant/k0up/pizza-mojo-mountain-view,4.7,Continental,31/07/2020,15:07:55
Galito's Two Rivers,https://food.jumia.co.ke/restaurant/k7jw/galito-s-two-rivers,5,Barbeque  Chicken  Burger,31/07/2020,15:07:55
Villa Rosa Kempinski,https://food.jumia.co.ke/restaurant/k8fg/villa-rosa-kempinski,4.1,Indian  Italian  Continental,31/07/2020,15:07:56
Rocomamas-Sarit Center,https://food.jumia.co.ke/restaurant/k2ds/rocomamas-sarit-center,4.2,African,31/07/2020,15:07:56
FeastOn Pizzeria & Eatery,https://food.jumia.co.ke/restaurant/k4wt/feast-on-pizzeria,4.5,Barbeque  Chicken  Salad  Vegetarian  Indian,31/07/2020,15:07:56
Anpa Restaurant - Bei Poa,https://food.jumia.co.ke/restaurant/k3ev/anpa-restaurant-bei-poa,4.6,Barbeque,31/07/2020,15:07:56
Khazanah,https://food.jumia.co.ke/restaurant/k0vl/khazanah,3.7,Burger  Continental,31/07/2020,15:07:56
Mbuzi Munch - Galleria,https://food.jumia.co.ke/restaurant/k7pl/mbuzi-munch-galleria,4.7,Supermarket,31/07/2020,15:07:56
Kilele Nyama,https://food.jumia.co.ke/restaurant/k9jk/kilele-nyama,4,Chicken  Desserts  Fish  African,31/07/2020,15:07:56
Water by Carrefour - S,https://food.jumia.co.ke/restaurant/k9cp/water-by-carrefour-sarit,4.9,Meat  Pizza,31/07/2020,15:07:56
Nyumbani Restaurant,https://food.jumia.co.ke/restaurant/k6fn/nyumbani-restaurant,5,African,31/07/2020,15:07:56
Nene's Pizza,https://food.jumia.co.ke/restaurant/k5kl/nene-s-pizza,3.7,Nigerian  African,31/07/2020,15:07:56
Baba Nyama Grill - Wood Avenue,https://food.jumia.co.ke/restaurant/k6ue/baba-nyama-grill-wood-aveanue,0,Kenyan  Chicken,31/07/2020,15:07:56
Mataam Swahili Restaurant,https://food.jumia.co.ke/restaurant/k8ot/mataam-swahili-restaurant,4.3,Burger  Continental,31/07/2020,15:07:56
Heavenly Wings,https://food.jumia.co.ke/restaurant/k7lv/heavenly-wings,4,Chicken  Mexican  Continental,31/07/2020,15:07:56
Rocaffe,https://food.jumia.co.ke/restaurant/k9yr/rocaffe,3.3,African  Snacks  Kenyan,31/07/2020,15:07:56
Pete's cafe - The Arch Place,https://food.jumia.co.ke/restaurant/k6wh/pete-s-cafe-the-arch-place,5,Chinese,31/07/2020,15:07:56
Crispy Bites Cafe - Yaya,https://food.jumia.co.ke/restaurant/k5wv/crispy-bites-cafe-yaya,3.8,Ethiopian,31/07/2020,15:07:56
Chengdu Impression,https://food.jumia.co.ke/restaurant/k2sb/chengdu-impression,4.3,Chinese  Japanese  Thai  Seafood,31/07/2020,15:07:56
Abyssinia Ethiopian Restaurant Kilimani,https://food.jumia.co.ke/restaurant/k0cr/abyssinia-ethiopian-restaurant-kilimani,1,Indian,31/07/2020,15:07:56
Zen Garden,https://food.jumia.co.ke/restaurant/k6pm/zen-garden-bamboo,2,Chicken,31/07/2020,15:07:56
The Mayura - Karen,https://food.jumia.co.ke/restaurant/k8lx/the-mayura-karen,4.5,Cakes & Pastries  Delicatessen  Household  Juices  Vegetarian  Groceries,31/07/2020,15:07:56
Galito's -Ridgeways,https://food.jumia.co.ke/restaurant/k1sd/galito-s-ridgeways,4.8,Nigerian,31/07/2020,15:07:57
Zucchini Green Grocers -VM,https://food.jumia.co.ke/restaurant/k3it/zucchini-green-grocers-vm,4.1,Chinese  Pan Asian,31/07/2020,15:07:57
Wazobia Restaurant,https://food.jumia.co.ke/restaurant/k0xs/wazobia-restaurant,4.6,African  Alcoholic Drinks  Nigerian,31/07/2020,15:07:57
Hero Restaurant,https://food.jumia.co.ke/restaurant/k5zj/hero-restaurant,3,Continental  Pasta  Pizza,31/07/2020,15:07:57
Kitchenette Bistro & Cafe,https://food.jumia.co.ke/restaurant/k2ip/kitchenett-mixed-recipe,4.6,Chinese  Peruvian  Japanese,31/07/2020,15:07:57
360 Degrees Artisan Pizza - Rosslyn,https://food.jumia.co.ke/restaurant/k1dq/360-degrees-artisan-pizza-rosslyn,4.8,Kenyan,31/07/2020,15:07:57
INTI - Japanese Peruvian Fusion,https://food.jumia.co.ke/restaurant/k9mg/anti-restaurant,4.4,Italian  Pizza,31/07/2020,15:07:57
Yummy Joint Pork & Chicken,https://food.jumia.co.ke/restaurant/k9ew/yummy-joint-pork,5,Sandwiches  Continental,31/07/2020,15:07:57
Tembo Bistro (the Boma),https://food.jumia.co.ke/restaurant/k1sb/tembo-bistro-the-boma,4,Chicken,31/07/2020,15:07:57
Majirani Cafe,https://food.jumia.co.ke/restaurant/k5ja/majirani-cafe,0,African  Kenyan,31/07/2020,15:07:57
Pizza Inn-Ridgeways,https://food.jumia.co.ke/restaurant/k5wj/pizza-inn-ridgeways,4.7,Chicken  Italian  Vegetarian  Indian,31/07/2020,15:07:57
Carribean Restaurant and Lounge,https://food.jumia.co.ke/restaurant/k4ok/carribean,4.6,Alcoholic Drinks  Chicken  Halal  Pasta  Pizza  Seafood  Vegetarian  Wine  Italian,31/07/2020,15:07:57
Urban Point Restaurant,https://food.jumia.co.ke/restaurant/k6go/urban-point-restaurant,0,Pizza,31/07/2020,15:07:57
La Terrazza,https://food.jumia.co.ke/restaurant/k0jj/la-terraza,4.6,Continental  Italian  Pizza,31/07/2020,15:07:57
Azleo Meals,https://food.jumia.co.ke/restaurant/k3ls/azleo-meals,0,Chinese  Snacks  Chicken,31/07/2020,15:07:58
Pizza Inn- Highview,https://food.jumia.co.ke/restaurant/k7cf/pizza-inn-highview,4.6,Halal  Kenyan  Barbeque,31/07/2020,15:07:58
Pepino's Pizza - CBD,https://food.jumia.co.ke/restaurant/k2ea/pepinos-cbd,4.8,Kenyan  African,31/07/2020,15:07:58
Cheeky Tikka,https://food.jumia.co.ke/restaurant/k2nf/cheeky-tikka,3,African  Healthy Food  Kenyan,31/07/2020,15:07:58
Swahili Barbeque,https://food.jumia.co.ke/restaurant/k4yk/swahili-barbeque,4.2,Japanese,31/07/2020,15:07:58
Renic The Event Concierge,https://food.jumia.co.ke/restaurant/k0cq/renic-the-event-concierge,4.8,Burger,31/07/2020,15:07:58
Mboga Masters-Bei Poa,https://food.jumia.co.ke/restaurant/k3zs/mboga-masters-bei-poa,4.5,African  Continental,31/07/2020,15:07:58
Chiq Japanese Restaurant,https://food.jumia.co.ke/restaurant/k5yn/chiq-japanese-restaurant,4,Chicken  Continental,31/07/2020,15:07:58
Hardee's - Two Rivers,https://food.jumia.co.ke/restaurant/k0nt/hardee-s-two-rivers,0,Barbeque  Burger  Salad  Snacks  Chicken,31/07/2020,15:07:58
Craic Lounge,https://food.jumia.co.ke/restaurant/k9bs/craic-lounge,4.5,Chicken  Vegetarian  Chinese,31/07/2020,15:07:58
Milan,https://food.jumia.co.ke/restaurant/k7zf/milan,0,Indian  Pizza  Sandwiches  Vegetarian  Italian,31/07/2020,15:07:58
NewYork Delicatessen - Outering Road - Bei Poa,https://food.jumia.co.ke/restaurant/k9jq/newyork-delicatessen-ruaraka-bei-poa,4.5,Italian  Ice Cream,31/07/2020,15:07:58
The Garden Restaurant,https://food.jumia.co.ke/restaurant/k2wh/the-garden,4.4,Indian  Vegetarian  Lebanese,31/07/2020,15:07:58
Ashiana Coffee House,https://food.jumia.co.ke/restaurant/k1ei/ashiana-coffee-house,3,Burger  Continental  Sandwiches  Barbeque,31/07/2020,15:07:58
Fior Di Latte,https://food.jumia.co.ke/restaurant/k8pc/fior-di-latte,4.5,Sandwiches,31/07/2020,15:07:58
Mint Leaf,https://food.jumia.co.ke/restaurant/k5ok/mint-leaf,4.2,Chicken,31/07/2020,15:07:58
Spur Silver Stream,https://food.jumia.co.ke/restaurant/k9ok/spur-silver-stream,4.7,African  Arabian  Indian,31/07/2020,15:07:59
Creamy Inn-Bellevue,https://food.jumia.co.ke/restaurant/k4fq/creamy-inn,4.6,Continental  Sandwiches  Snacks  Coffee-Coffee beans,31/07/2020,15:07:59
Dial A Koroga,https://food.jumia.co.ke/restaurant/k7vw/dial-a-koroga,4.9,Burger  Meat  Nyama Choma  African,31/07/2020,15:07:59
Whitestar Restaurant,https://food.jumia.co.ke/restaurant/k0od/whitestar-restaurant,4.2,Nigerian,31/07/2020,15:07:59
Mugg and Bean On the Move-Gigiri,https://food.jumia.co.ke/restaurant/k8zs/mugg-and-bean-on-the-move-gigiri,4.5,Kenyan,31/07/2020,15:07:59
Roast by Carnivore,https://food.jumia.co.ke/restaurant/k1lg/roast-by-carnivore,4.2,Coffee-Coffee beans  Continental,31/07/2020,15:07:59
Blantyre Cuisine,https://food.jumia.co.ke/restaurant/k4eu/blantyre-cuisine,3,Chicken,31/07/2020,15:07:59
Chel'C Cafe,https://food.jumia.co.ke/restaurant/k0wm/chel-c-cafe,4.5,Halal  Kenyan  Salad  Healthy Food,31/07/2020,15:07:59
Spring Valley Coffee,https://food.jumia.co.ke/restaurant/k5yw/spring-valley-coffee,0,Beer  Alcoholic Drinks,31/07/2020,15:07:59
Kukito - Mbagathi,https://food.jumia.co.ke/restaurant/k7ud/kukito-mbagathi,4.5,Sandwiches  Chicken,31/07/2020,15:07:59
Healthy Foods Restaurant,https://food.jumia.co.ke/restaurant/k3gc/healthy-foods-restaurant,4.2,Chicken,31/07/2020,15:07:59
Big Five Breweries - Craft beer store (Party Kegs and more),https://food.jumia.co.ke/restaurant/k8hi/big-five-breweries-brew-bistro-beer-party-kegs,5,Burger  Chicken  Fish  Sandwiches  Vegetarian  Continental,31/07/2020,15:07:59
Creamy Inn- Thika Road,https://food.jumia.co.ke/restaurant/k7ms/creamy-inn-thika-road,4.6,African,31/07/2020,15:07:59
Chippys Chicken n Chips,https://food.jumia.co.ke/restaurant/k2ry/chippys-chicken-n-chips,4.8,African  Chinese  Pan Asian,31/07/2020,15:07:59
Ngara Riverside Lodge,https://food.jumia.co.ke/restaurant/k7rm/ngara-riverside-lodge,5,Cakes & Pastries,31/07/2020,15:07:59
Mama Ashanti,https://food.jumia.co.ke/restaurant/k0sm/mama-ashanti,4.4,Milkshakes  Pizza,31/07/2020,15:07:59
DJC Chinese Kitchen,https://food.jumia.co.ke/restaurant/k1gx/djc-chinese-kitchen,4.3,Chicken  Healthy Food  Salad  Sandwiches  Kenyan,31/07/2020,15:07:59
Grab and Dough,https://food.jumia.co.ke/restaurant/k6eu/grab-and-dough,4.8,Supermarket  Juices,31/07/2020,15:07:59
Pizza Planet -Gateway Mall Syokimau,https://food.jumia.co.ke/restaurant/k0bd/pizza-planet-gateway-mall-syokimau,5,Chicken  Italian  Pizza,31/07/2020,15:07:59
Cafe Naivas - Thika Road,https://food.jumia.co.ke/restaurant/k7rw/cafe-naivas-thika-road,4.5,Burger  Meat  Salad  Snacks  Continental,31/07/2020,15:07:59
Coca-Cola Bottling Africa Distributor (Fedha),https://food.jumia.co.ke/restaurant/k5nk/coca-cola-company-fedha,0,Halal  Indian  Pan Asian,31/07/2020,15:08:00
Pepino's Pizza - Ruaka,https://food.jumia.co.ke/restaurant/k1jp/pepinos-ruaka,4.8,Chinese,31/07/2020,15:08:00
Royal Tulip Canaan,https://food.jumia.co.ke/restaurant/k1hc/royal-tulip-canaan,4,African  Snacks  Kenyan,31/07/2020,15:08:00
Golden Spoon BBQ,https://food.jumia.co.ke/restaurant/k3ma/goldenspoon-bbq,4.3,African  Nyama Choma  Barbeque,31/07/2020,15:08:00
Tin Tin Restaurant,https://food.jumia.co.ke/restaurant/k3hs/tin-tin,4.8,Burger  Cakes & Pastries  Continental  Healthy Food  Kenyan  Pizza  Salad  Sandwiches,31/07/2020,15:08:00
Crispy Bites Cafe - Bei Poa,https://food.jumia.co.ke/restaurant/k6su/crispy-bites-cafe-bei-poa,4.3,Continental,31/07/2020,15:08:00
Mit Aduwa,https://food.jumia.co.ke/restaurant/k6ox/mit-aduwa,1,Meat  Kenyan,31/07/2020,15:08:00
Urban Coffee - Lenana Road,https://food.jumia.co.ke/restaurant/k8sj/urban-coffee-vendor-2,4.2,Burger  Fish  Continental,31/07/2020,15:08:00
Clamar Food,https://food.jumia.co.ke/restaurant/k3pq/clamar-food,0,Italian  Continental,31/07/2020,15:08:00
Raphtins Kitchen- Bei poa,https://food.jumia.co.ke/restaurant/k3an/raphtins-kitchen,0,Indian  Barbeque,31/07/2020,15:08:00
John & Jo's - Bei Poa,https://food.jumia.co.ke/restaurant/k5xy/john,5,Kenyan  Salad,31/07/2020,15:08:00
Coffee Casa,https://food.jumia.co.ke/restaurant/k1jm/coffee-casa,4,African  Continental  Fish  Kenyan,31/07/2020,15:08:00
Chiiz Barbecue,https://food.jumia.co.ke/restaurant/k8vu/chiiz-barbecue,4,Barbeque  Chicken  Continental  Pizza  Sandwiches  Burger,31/07/2020,15:08:00
Serian Super Salad Food,https://food.jumia.co.ke/restaurant/k1gt/serian-super-salad-food,0,Halal  Indian,31/07/2020,15:08:01
Stedmak Gardens,https://food.jumia.co.ke/restaurant/k2jl/stedmak-gardens,0,Continental,31/07/2020,15:08:01
Rocaffe Kilimani,https://food.jumia.co.ke/restaurant/k5hd/rocaffe-kilimani,4,Chinese  Continental  Indian,31/07/2020,15:08:01
Hotel Joole-Lal,https://food.jumia.co.ke/restaurant/k2of/hotel-joole-lal,5,Cheese  Fish  Meat  Continental,31/07/2020,15:08:01
Wildly Coffee,https://food.jumia.co.ke/restaurant/k5nh/wildly-coffee,4.8,African,31/07/2020,15:08:01
Royal Kitchen Restaurant (Pride Inn),https://food.jumia.co.ke/restaurant/k7ok/royal-kitchen-restaurant-pride-inn,4.4,Barbeque  Kenyan  African,31/07/2020,15:08:01
La Tasca,https://food.jumia.co.ke/restaurant/k6pu/la-tasca,5,Barbeque  Burger  Souvenirs  Indian,31/07/2020,15:08:01
Hidden Bistro,https://food.jumia.co.ke/restaurant/k1go/hidden-bistro,0,Chicken,31/07/2020,15:08:01
Swadesh Restaurant,https://food.jumia.co.ke/restaurant/k3zf/swadesh-restaurant,0,Chicken  Continental,31/07/2020,15:08:01
Giocoliere.,https://food.jumia.co.ke/restaurant/k0fs/giocoliere,0,Barbeque,31/07/2020,15:08:01
Anpa Restaurant,https://food.jumia.co.ke/restaurant/k7zh/anpa-restaurant,4.5,Salad  Snacks  Continental,31/07/2020,15:08:01
Agulu Lounge - Bei Poa,https://food.jumia.co.ke/restaurant/k3yv/agulu-lounge-bei-poa,0,African  Indian  Continental,31/07/2020,15:08:01
Big Dayum Heroes,https://food.jumia.co.ke/restaurant/k5cw/big-dayum-heroes,0,Continental,31/07/2020,15:08:01
Cano Restaurant and Lounge,https://food.jumia.co.ke/restaurant/k7jg/cano-restaurant-and-lounge,0,Chicken  Continental,31/07/2020,15:08:01
Elysian Resort,https://food.jumia.co.ke/restaurant/k5vj/elysian-resort,0,Burger  Italian  Pizza,31/07/2020,15:08:01
Munch Pit,https://food.jumia.co.ke/restaurant/k7by/munch-pit,5,Ice Cream,31/07/2020,15:08:01
Saffron Kitchen,https://food.jumia.co.ke/restaurant/k7lw/saffron-kitchen,0,Pasta  Pizza  Italian,31/07/2020,15:08:01
Street Bistro - Alchemist,https://food.jumia.co.ke/restaurant/k1zj/street-bistro-alchemist,0,Barbeque  Burger  Cakes & Pastries  Pizza  Salad  Sandwiches  Continental,31/07/2020,15:08:01
Tasteez Big Filla,https://food.jumia.co.ke/restaurant/k9bk/tasteez-big-filla,0,African  Burger  Kenyan  Meat  Barbeque,31/07/2020,15:08:02
Hotel Embassy Restaurant,https://food.jumia.co.ke/restaurant/k7ft/hotel-embassy-restaurant,0,Continental,31/07/2020,15:08:02
Nairobi Pizza,https://food.jumia.co.ke/restaurant/k8kd/nairobi-pizza,4.2,Burger  Chicken  Snacks  Continental,31/07/2020,15:08:02
Buona Gelato,https://food.jumia.co.ke/restaurant/k6xc/buona-gelato,0,Sandwiches  Snacks  Ice Cream,31/07/2020,15:08:02
Buona Pizzeria.,https://food.jumia.co.ke/restaurant/k2is/buona-pizzeria,0,Chicken  Sandwiches,31/07/2020,15:08:02
Cafe Detour,https://food.jumia.co.ke/restaurant/k4ia/cafe-detour,0,Continental,31/07/2020,15:08:02
Carnivore,https://food.jumia.co.ke/restaurant/k1xg/carnivore,4,Snacks  Burger,31/07/2020,15:08:02
Charlie's Cocktails - Kileleshwa,https://food.jumia.co.ke/restaurant/k2dh/charlie-s-cocktails-kileleshwa,5,Sushi,31/07/2020,15:08:02
Coco's Bistro Limited,https://food.jumia.co.ke/restaurant/k9qs/coco-s-bistro-limited,0,Barbeque  Chicken  African,31/07/2020,15:08:02
Creamy Inn- Parklands,https://food.jumia.co.ke/restaurant/k0mx/creamy-inn-parklands,4.9,Delicatessen  Desserts  Milkshakes  Ice Cream,31/07/2020,15:08:02
Creamy Inn-Union,https://food.jumia.co.ke/restaurant/k5qg/creamy-inn-union,3.7,Healthy Food  Kenyan,31/07/2020,15:08:02
Curry Flavours,https://food.jumia.co.ke/restaurant/k4pa/curry-flavours,0,Salad  Sandwiches  Burger,31/07/2020,15:08:02
Entim Sidai Kitchen,https://food.jumia.co.ke/restaurant/k5im/entimsidai-kitchen,0,Healthy Food  Juices,31/07/2020,15:08:02
KAI -The Noodle Bar-,https://food.jumia.co.ke/restaurant/k9qb/kai-the-noodle-bar,0,Barbeque  Chicken  Continental,31/07/2020,15:08:02
Kula Korner Restaurant,https://food.jumia.co.ke/restaurant/k7kv/kula-korner-restaurant,1,Indian  Mexican  Pan Asian  Continental,31/07/2020,15:08:02
OOH Icecream Parlour,https://food.jumia.co.ke/restaurant/k1wy/ooh-icecream-parlour,4,Snacks,31/07/2020,15:08:02
Tamu fresh foods,https://food.jumia.co.ke/restaurant/k7bz/tamu-fresh-foods,0,Chicken  Continental,31/07/2020,15:08:02
The Wine Shop,https://food.jumia.co.ke/restaurant/k8gp/the-wine-shop,4.5,Continental  Indian,31/07/2020,15:08:03
Tropical Lush,https://food.jumia.co.ke/restaurant/k7su/tropical-lush-vendor,0,Burger  Meat  Pasta  Pizza  Sandwiches  Continental,31/07/2020,15:08:03
About Thyme,https://food.jumia.co.ke/restaurant/k5yr/about-thyme,4.1,African  Indian  Pizza  Kenyan,31/07/2020,15:08:03
Urban Eatery,https://food.jumia.co.ke/restaurant/k2ed/urban-eatery,3.3,Supermarket  Juices,31/07/2020,15:08:03
Sous Chef,https://food.jumia.co.ke/restaurant/k1vf/sous-chef,0,African  Kenyan,31/07/2020,15:08:03
Argenti - Riverside,https://food.jumia.co.ke/restaurant/k9rh/argenti-riverside,1,Chicken  Chinese  Mexican  Pasta  Salad  Continental,31/07/2020,15:08:03
Bazaar,https://food.jumia.co.ke/restaurant/k5dn/bazaar,0,Continental,31/07/2020,15:08:03
Harvest Family Restaurant,https://food.jumia.co.ke/restaurant/k1qc/harvest-restaurant-pre-order,0,African  Alcoholic Drinks  Chicken  Fish  Snacks  Continental,31/07/2020,15:08:03
Souk Deli,https://food.jumia.co.ke/restaurant/k9xb/souk-deli,5,Pizza,31/07/2020,15:08:03
Keringet - Fedha,https://food.jumia.co.ke/restaurant/k2eu/keringet-fedha,0,Chinese  Vegetarian  Indian,31/07/2020,15:08:03
Malindi Dishes,https://food.jumia.co.ke/restaurant/k2xh/malindi-dishes,0,Continental,31/07/2020,15:08:03
Havana Bar & Restaurante,https://food.jumia.co.ke/restaurant/k1zx/havana-bar,4.4,Meat  Kenyan,31/07/2020,15:08:03
Kalunj Kitchen and Grill,https://food.jumia.co.ke/restaurant/k6xr/kalunj-kitchen-and-grill,4.8,African,31/07/2020,15:08:03
Ssence Restaurant and Lounge,https://food.jumia.co.ke/restaurant/k8mt/ssence-restaurant-and-lounge,0,Vegetarian  Indian,31/07/2020,15:08:03
Mr Pizza,https://food.jumia.co.ke/restaurant/k8pq/mr-pizza,0,Juices,31/07/2020,15:08:03
Chowpaty - Westlands,https://food.jumia.co.ke/restaurant/k6by/chowpaty-cross-roads-plaza,0,Indian  Continental,31/07/2020,15:08:03
Fadumahindi Restaurant,https://food.jumia.co.ke/restaurant/k1eo/fadumahindi-restaurant,0,Nigerian  African,31/07/2020,15:08:03
Hanam Fries,https://food.jumia.co.ke/restaurant/k8tf/hanam-fries,0,African  Chicken  Mexican  Continental,31/07/2020,15:08:03
Spot On Grill,https://food.jumia.co.ke/restaurant/k9vx/spot-on-grill,0,African,31/07/2020,15:08:03
libra Restaurant,https://food.jumia.co.ke/restaurant/k9fp/libra-restaurant,5,Cakes & Pastries  Continental  Pizza  Chicken,31/07/2020,15:08:04
Chowpaty - HighPark,https://food.jumia.co.ke/restaurant/k1vx/chowpaty-highridge,4.6,,31/07/2020,15:08:04
Health 2OrganiKE,https://food.jumia.co.ke/restaurant/k2jh/health-2organike,0,,31/07/2020,15:08:04
The Node,https://food.jumia.co.ke/restaurant/k8fp/the-node,5,,31/07/2020,15:08:04
Big Bites,https://food.jumia.co.ke/restaurant/k7up/opp-total-petrol-station-on-ngong-road,0,,31/07/2020,15:08:04
Empire Lounge,https://food.jumia.co.ke/restaurant/k9fm/empire-lounge,5,,31/07/2020,15:08:04
Jukwaa Lounge,https://food.jumia.co.ke/restaurant/k5bw/jukwaa-lounge,0,,31/07/2020,15:08:04
Jumia Food Test Restaurant.,https://food.jumia.co.ke/restaurant/k6pn/hellofood-test-restaurant,4.8,,31/07/2020,15:08:04
