/biz/l-ancora-cambrils,Cambrills,CBL
/biz/lekeitio-cambrils,Cambrills,CBL
/biz/el-posito-cambrils,Cambrills,CBL
/biz/new-orleans-cambrils,Cambrills,CBL
/biz/del-mar-cambrils-2,Cambrills,CBL
/biz/restaurant-las-palmeras-cambrils-2,Cambrills,CBL
/biz/puerto-madero-cambrils,Cambrills,CBL
/biz/denver-restaurant-cambrils,Cambrills,CBL
/biz/al-punt-cambrils,Cambrills,CBL
/biz/les-fonts-cambrils,Cambrills,CBL
/biz/can-bosch-cambrils,Cambrills,CBL
/biz/tem-cambrils,Cambrills,CBL
/biz/can-jordi-cambrils,Cambrills,CBL
/biz/prick-thai-cambrils,Cambrills,CBL
/biz/l-indret-cambrils,Cambrills,CBL
/biz/la-macarrilla-cambrils,Cambrills,CBL
/biz/can-albert-cambrils-2,Cambrills,CBL
/biz/el-dos-cambrils,Cambrills,CBL
/biz/chapeau-salou,Cambrills,CBL
/biz/macarrilla-cambrils,Cambrills,CBL
/biz/pizzeria-antica-roma-da-giorgio-cambrils,Cambrills,CBL
/biz/el-pati-cambrils,Cambrills,CBL
/biz/la-tagliatella-cambrils-2,Cambrills,CBL
/biz/restaurant-montserrat-2009-cambrils,Cambrills,CBL
/biz/costumbres-argentinas-cambrils,Cambrills,CBL
/biz/la-tortillita-salou,Cambrills,CBL
/biz/veltins-cambrils,Cambrills,CBL
/biz/la-palmera-de-la-llosa-cambrils,Cambrills,CBL
/biz/sotacel-cambrils-2,Cambrills,CBL
/biz/%C3%A0mbit-cambrils,Cambrills,CBL
/biz/delfin-salou,Cambrills,CBL
/biz/la-morera-de-pablo-y-esther-salou,Cambrills,CBL
/biz/terramar-salou,Cambrills,CBL
/biz/lunattic-salou,Cambrills,CBL
/biz/thai-orchid-cambrils,Cambrills,CBL
/biz/cilemar-catalunya-cambrils,Cambrills,CBL
/biz/les-barques-salou,Cambrills,CBL
/biz/la-vicaria-reus,Cambrills,CBL
/biz/el-rincon-de-iru%C3%B1a-cambrils,Cambrills,CBL
/biz/les-barques-la-pineda-la-pineda,Cambrills,CBL
/biz/la-ermita-de-mare-de-deu-de-la-roca-montroig,Cambrills,CBL
/biz/denver-platja-marina-de-cambrils,Cambrills,CBL
/biz/indian-spice-salou,Cambrills,CBL
/biz/dos-g-salou,Cambrills,CBL
/biz/restaurant-duomo-pizzeria-cambrils-badia,Cambrills,CBL
/biz/el-tiberi-tarragona,Cambrills,CBL
/biz/mucky-duck-vilafortuny,Cambrills,CBL
/biz/ches-cambrils,Cambrills,CBL
/biz/o-mar-restaurant-salou,Cambrills,CBL
/biz/juniors-tapas-cambrils,Cambrills,CBL
/biz/miramar-cambrils,Cambrills,CBL
/biz/spaghetti-house-vila-seca-de-solcina,Cambrills,CBL
/biz/quattros-tarragona,Cambrills,CBL
/biz/casa-shanghai-cambrils,Cambrills,CBL
/biz/la-venus-de-pepe-salou,Cambrills,CBL
/biz/knights-inn-salou,Cambrills,CBL
/biz/rinc%C3%B3n-de-diego-cambrils-3,Cambrills,CBL
/biz/dorado-vila-seca,Cambrills,CBL
/biz/elektra-xiringuito-salou,Cambrills,CBL
/biz/asador-llagar-montbrio-del-camp,Cambrills,CBL
/biz/chino-ciudad-feliz-cambrils,Cambrills,CBL
/biz/alhambra-l-hospitalet-de-l-infant,Cambrills,CBL
/biz/la-caleta-la-pineda,Cambrills,CBL
/biz/zia-mar%C3%ADa-cambrils-3,Cambrills,CBL
/biz/la-cuineta-tarragona,Cambrills,CBL
/biz/casavella-cambrils,Cambrills,CBL
/biz/restaurante-acuamar-cambrils,Cambrills,CBL
/biz/el-maset-montbrio-del-camp,Cambrills,CBL
/biz/rohit-paris-cambrils,Cambrills,CBL
/biz/ruiz-olmo-antonia-cambrils,Cambrills,CBL
/biz/restauracio-cambrilenca-tomas-i-gami-cambrils-2,Cambrills,CBL
/biz/la-tagliatella-la-pineda,Cambrills,CBL
/biz/espai-vi-tarragona,Cambrills,CBL
/biz/bocoisl-tarragona,Cambrills,CBL
/biz/acuario-cambrils,Cambrills,CBL
/biz/mas-rosell%C3%B3-tarragona,Cambrills,CBL
/biz/la-botifarra-tarragona,Cambrills,CBL
/biz/bresca-tarragona,Cambrills,CBL
/biz/deliranto-salou,Cambrills,CBL
/biz/cal-tendre-cambrils,Cambrills,CBL
/biz/restaurante-duomo-cambrils-badia,Cambrills,CBL
/biz/la-fortmatjada-reus,Cambrills,CBL
/biz/fuji-cambrils,Cambrills,CBL
/biz/restaurantes-rapidos-de-salou-cambrils-badia,Cambrills,CBL
/biz/el-terrat-tarragona,Cambrills,CBL
/biz/pizza-brich-cambrils,Cambrills,CBL
/biz/la-borda-d-en-manel-miami-platja,Cambrills,CBL
/biz/namastay-bombay-salou,Cambrills,CBL
/biz/beatriz-cambrils,Cambrills,CBL
/biz/les-barques-cambrils-2,Cambrills,CBL
/biz/recasens-font-juan-maria-cambrils,Cambrills,CBL
/biz/la-boella-la-canonja,Cambrills,CBL
/biz/miracle-tarragona,Cambrills,CBL
/biz/forn-sant-salvador-cambrils-2,Cambrills,CBL
/biz/farnos-escorihuela-eva-maria-cambrils,Cambrills,CBL
/biz/guimera-coma-juan-cambrils,Cambrills,CBL
/biz/gelats-amb-fruits-cambrils,Cambrills,CBL
/biz/melgamon-cambrils,Cambrills,CBL
/biz/restauracio-cambrilenca-tomas-i-gami-cambrils,Cambrills,CBL
/biz/taberna-lekeitio-cambrills-s-ll-cambrils,Cambrills,CBL
/biz/alcantara-curiel-benito-cambrils-2,Cambrills,CBL
/biz/tiki-tapas-cambrils,Cambrills,CBL
/biz/ruano-cambrils,Cambrills,CBL
/biz/xabier-marti-y-fills-cambrils,Cambrills,CBL
/biz/club-n%C3%A0utic-cambrils-cambrils,Cambrills,CBL
/biz/casa-jordi-tarragona,Cambrills,CBL
/biz/restaurante-posito-de-pescadores-cambrils,Cambrills,CBL
/biz/maset-cambrils,Cambrills,CBL
/biz/fonda-el-cam%C3%AD-cambrils-2,Cambrills,CBL
/biz/la-toscana-reus,Cambrills,CBL
/biz/shambala-vila-seca-de-solcina,Cambrills,CBL
/biz/bar-el-ma%C3%B1o-mont-roig-del-camp-3,Cambrills,CBL
/biz/taverna-reus-reus,Cambrills,CBL
/biz/bar-restaurante-maritimo-cambrils,Cambrills,CBL
/biz/la-tasquilla-cambrils,Cambrills,CBL
/biz/vora-cambrils,Cambrills,CBL
/biz/pizzeria-la-stiva-da-matteo-cambrils,Cambrills,CBL
/biz/laspezia-salou,Cambrills,CBL
/biz/taste-of-india-cambrils,Cambrills,CBL
/biz/cambrils-spaghetteria-cambrils,Cambrills,CBL
/biz/morell-guinart-jordi-cambrils,Cambrills,CBL
/biz/el-abuelo-salou,Cambrills,CBL
/biz/gallo-moron-tarragona,Cambrills,CBL
/biz/les-bruixes-tarragona,Cambrills,CBL
/biz/bar-fredos-salou,Cambrills,CBL
/biz/almosta-tarragona,Cambrills,CBL
/biz/la-goleta-salou,Cambrills,CBL
/biz/berengue-princep-cambrils,Cambrills,CBL
/biz/la-pizza-allegre-cambrils,Cambrills,CBL
/biz/nuevo-shanghai-cambrils,Cambrills,CBL
/biz/restaurant-casa-gallau-cambrils,Cambrills,CBL
/biz/tastum-tarragona,Cambrills,CBL
/biz/la-parada-constant%C3%AD,Cambrills,CBL
/biz/la-caleta-tarragona,Cambrills,CBL
/biz/meson-del-mar-tarragona-2,Cambrills,CBL
/biz/meson-los-castillos-salou,Cambrills,CBL
/biz/casado-roca-ramon-cambrils,Cambrills,CBL
/biz/germans-miquels-cambrils,Cambrills,CBL
/biz/trii-cambrils,Cambrills,CBL
/biz/l-original-cambrils,Cambrills,CBL
/biz/el-mar-cambrils,Cambrills,CBL
/biz/restaurante-la-cua-curta-cambrils,Cambrills,CBL
/biz/victoria-cambrils,Cambrills,CBL
/biz/palau-del-baro-tarragona-4,Cambrills,CBL
/biz/la-sidreria-donosti-tarragona-2,Cambrills,CBL
/biz/la-roca-d-en-manel-passeig-miramar-38-cambrils,Cambrills,CBL
/biz/little-bangkok-reus,Cambrills,CBL
/biz/belco-restaurantes-cambrils,Cambrills,CBL
/biz/gallardo-cervantes-ana-cambrils,Cambrills,CBL
/biz/el-cairo-cambrils,Cambrills,CBL
/biz/la-picara-sitges,Sitges,SIG
/biz/beach-house-sitges,Sitges,SIG
/biz/pic-nic-sitges-2,Sitges,SIG
/biz/el-cable-bar-sitges,Sitges,SIG
/biz/la-paradeta-sitges-4,Sitges,SIG
/biz/nem-sitges-2,Sitges,SIG
/biz/guria-sitges,Sitges,SIG
/biz/la-zorra-sitges,Sitges,SIG
/biz/miramar-sitges-sitges,Sitges,SIG
/biz/eguzki-lizarran-sitges,Sitges,SIG
/biz/pescadito-sitges,Sitges,SIG
/biz/merci-fish-y-chips-sitges,Sitges,SIG
/biz/costa-barcelona-sitges,Sitges,SIG
/biz/can-marti-sitges-2,Sitges,SIG
/biz/pad-thai-sitges-3,Sitges,SIG
/biz/13-llunes-sitges,Sitges,SIG
/biz/el-donostiarra-sitges,Sitges,SIG
/biz/pic-nic-sitges,Sitges,SIG
/biz/komokieras-sitges,Sitges,SIG
/biz/la-marinada-restaurant-sitges,Sitges,SIG
/biz/ni%C3%B1a-bonita-sitges,Sitges,SIG
/biz/la-ni%C3%B1a-sitges-3,Sitges,SIG
/biz/fragata-sitges,Sitges,SIG
/biz/akelarre-sitges,Sitges,SIG
/biz/big-als-sitges-3,Sitges,SIG
/biz/mare-nostrum-sitges,Sitges,SIG
/biz/restaurante-rosario-sitges,Sitges,SIG
/biz/restaurant-onaji-sitges,Sitges,SIG
/biz/la-tagliatella-sitges,Sitges,SIG
/biz/queenz-sitges,Sitges,SIG
/biz/casa-hidalgo-sitges,Sitges,SIG
/biz/al-vert-sitges,Sitges,SIG
/biz/francesco-villafranca,Sitges,SIG
/biz/mare-nostrum-sitges-3,Sitges,SIG
/biz/sitthai-sitges,Sitges,SIG
/biz/can-laury-sitges,Sitges,SIG
/biz/al-fresco-sitges,Sitges,SIG
/biz/elysium-sitges,Sitges,SIG
/biz/la-masia-sitges,Sitges,SIG
/biz/goka-sitges,Sitges,SIG
/biz/vivinwine-sitges,Sitges,SIG
/biz/ribera-sitges-2,Sitges,SIG
/biz/lady-green-sitges,Sitges,SIG
/biz/restaurante-cal-pinxo-sitges,Sitges,SIG
/biz/pura-vida-sitges-2,Sitges,SIG
/biz/curry-y-rice-sitges,Sitges,SIG
/biz/casa-tecla-sitges-2,Sitges,SIG
/biz/el-santo-sitges,Sitges,SIG
/biz/el-cafe-de-la-plata-sitges,Sitges,SIG
/biz/r-y-b-sitges,Sitges,SIG
/biz/vivero-sitges-2,Sitges,SIG
/biz/montroig-sitges,Sitges,SIG
/biz/al-fresco-sitges-2,Sitges,SIG
/biz/gazao-sitges,Sitges,SIG
/biz/sitges-bon-estar-sitges,Sitges,SIG
/biz/el-cable-sitges,Sitges,SIG
/biz/el-maror-de-sitges-sitges,Sitges,SIG
/biz/galicia-sitges,Sitges,SIG
/biz/soca-southern-california-sitges,Sitges,SIG
/biz/el-fornet-d-en-rossend-sitges,Sitges,SIG
/biz/el-rac%C3%B3-sitges,Sitges,SIG
/biz/la-incid%C3%A8ncia-del-factor-vi-sitges,Sitges,SIG
/biz/casa-sevilla-sitges,Sitges,SIG
/biz/can-gregori-sitges-2,Sitges,SIG
/biz/red-velvet-barcelona-2,Sitges,SIG
/biz/hola-club-sitges-sitges,Sitges,SIG
/biz/villa-marina-sitges-sitges,Sitges,SIG
/biz/buenos-aires-grill-sitges,Sitges,SIG
/biz/yatai-tapes-japoneses-sitges,Sitges,SIG
/biz/taberna-vasca-izarra-sitges,Sitges,SIG
/biz/num3ric-sitges,Sitges,SIG
/biz/shao-lin-sitges,Sitges,SIG
/biz/la-cantina-del-pintxo-sitges,Sitges,SIG
/biz/sports-bar-sitges-sitges,Sitges,SIG
/biz/bistro-d-ana-sitges,Sitges,SIG
/biz/jardin-bamboo-sitges,Sitges,SIG
/biz/mama-5-sitges,Sitges,SIG
/biz/el-superpollo-sitges,Sitges,SIG
/biz/el-portal-sitges,Sitges,SIG
/biz/kansas-sitges,Sitges,SIG
/biz/boccalino-sitges-4,Sitges,SIG
/biz/la-salseta-sitges,Sitges,SIG
/biz/kiyoshi-sitges,Sitges,SIG
/biz/el-indiano-sitges,Sitges,SIG
/biz/magma-sitges-sitges,Sitges,SIG
/biz/nube-skybar-sitges,Sitges,SIG
/biz/l-avinyet-sitges,Sitges,SIG
/biz/xamp%C3%BA-sitges,Sitges,SIG
/biz/la-mediterr%C3%A0nia-sitges,Sitges,SIG
/biz/restaurant-costa-dorada-platja-de-sant-sebastia-27-sitges,Sitges,SIG
/biz/maricel-sitges,Sitges,SIG
/biz/wok-palacio-oriente-sitges,Sitges,SIG
/biz/caf%C3%A9-berlin-sitges,Sitges,SIG
/biz/restaurant-el-trull-sitges,Sitges,SIG
/biz/pizza-emporio-sitges,Sitges,SIG
/biz/soi-33-sitges,Sitges,SIG
/biz/restaurante-terraza-vento-sitges,Sitges,SIG
/biz/utop%C3%ADa-beach-house-sitges,Sitges,SIG
/biz/la-nansa-sitges,Sitges,SIG
/biz/can-gregori-sitges-3,Sitges,SIG
/biz/mascaron-sitges,Sitges,SIG
/biz/la-morocha-sitges,Sitges,SIG
/biz/la-calma-de-sitges-sitges,Sitges,SIG
/biz/pizzeria-del-puerto-sitges,Sitges,SIG
/biz/maliks-sitges,Sitges,SIG
/biz/greys-sitges,Sitges,SIG
/biz/morelia-sitges,Sitges,SIG
/biz/trocaglops-sitges,Sitges,SIG
/biz/spice-garden-sitges,Sitges,SIG
/biz/restaurante-hotel-la-santa-maria-sitges,Sitges,SIG
/biz/infinity-sitges,Sitges,SIG
/biz/los-vikingos-sitges,Sitges,SIG
/biz/can-xavi-sitges,Sitges,SIG
/biz/sushi-1-sitges,Sitges,SIG
/biz/cocina-die-mercado-sitges,Sitges,SIG
/biz/nube-sky-bar-sitges,Sitges,SIG
/biz/l-escut-sitges,Sitges,SIG
/biz/lizarran-sitges,Sitges,SIG
/biz/margarita-sitges,Sitges,SIG
/biz/la-oca-sitges,Sitges,SIG
/biz/bleda-legaz-antonio-sitges,Sitges,SIG
/biz/la-taberna-del-puerto-sitges,Sitges,SIG
/biz/ragazzi-sitges,Sitges,SIG
/biz/casa-raimundo-restaurante-sitges,Sitges,SIG
/biz/l-angele-d-adriana-sitges,Sitges,SIG
/biz/el-castell-sitges-2,Sitges,SIG
/biz/el-celler-vell-sitges,Sitges,SIG
/biz/la-perla-de-china-sitges-2,Sitges,SIG
/biz/sitges-grill-sitges,Sitges,SIG
/biz/le-patio-sitges,Sitges,SIG
/biz/che-sitges,Sitges,SIG
/biz/cabur%C3%A9-gastrobar-sant-pere-de-ribes,Sitges,SIG
/biz/santa-maria-sitges,Sitges,SIG
/biz/panchito-sitges,Sitges,SIG
/biz/el-bitxo-sitges,Sitges,SIG
/biz/coraz%C3%B3n-de-agave-sitges-2,Sitges,SIG
/biz/el-tros-sitges-2,Sitges,SIG
/biz/el-secreto-de-ribes-sant-pere-de-ribes,Sitges,SIG
/biz/central-sitges,Sitges,SIG
/biz/blended-sant-pere-de-ribes,Sitges,SIG
/biz/o-vesuvio-sitges,Sitges,SIG
/biz/bonanza-sitges,Sitges,SIG
/biz/yummy-sitges-2,Sitges,SIG
/biz/ibericus-sitges,Sitges,SIG
/biz/buenos-aires-grill-restaurant-sitges-4,Sitges,SIG
/biz/bistro-diva-sitges,Sitges,SIG
/biz/aqua-sitges,Sitges,SIG
/biz/vista-corona-sitges-sitges-2,Sitges,SIG
/biz/frankburguer-pedralbes-sitges,Sitges,SIG
/biz/claver-serrano-angel-sitges,Sitges,SIG
/biz/ma-maison-restaurant-sitges-2,Sitges,SIG
/biz/porta-esteve-francisco-sitges,Sitges,SIG
/biz/cocina-die-mercado-sitges-2,Sitges,SIG
/biz/chiringuito-sitges,Sitges,SIG
/biz/restaurante-hotel-casa-vilella-sitges,Sitges,SIG
/biz/stix-sitges,Sitges,SIG
/biz/sr-patata-sitges,Sitges,SIG
/biz/el-sunset-de-sitges-sitges,Sitges,SIG
/biz/intrepid-sitges,Sitges,SIG
/biz/canateca-sitges,Sitges,SIG
/biz/pala-llanas-carlos-sitges,Sitges,SIG
/biz/abraxas-sitges,Sitges,SIG
/biz/el-velero-sitges,Sitges,SIG
/biz/reves-sitges,Sitges,SIG
/biz/mamma-mia-sitges,Sitges,SIG
/biz/esclarsol-sitges,Sitges,SIG
/biz/dehesa-santa-maria-sitges,Sitges,SIG
/biz/el-castell-de-sitges-sitges-2,Sitges,SIG
/biz/romero-perez-montserrat-sitges,Sitges,SIG
/biz/importacion-y-exportacion-materias-primas-sitges,Sitges,SIG
/biz/itsa-hotel-calipolis-sitges-2,Sitges,SIG
/biz/%C3%A1nfora-sitges,Sitges,SIG
/biz/charla-sitges,Sitges,SIG
/biz/el-boliche-de-sitges-sitges-2,Sitges,SIG
/biz/king-rooster-sitges,Sitges,SIG
/biz/clubhouse-27-sant-pere-de-ribes,Sitges,SIG
/biz/restauracio-blanca-subur-sitges,Sitges,SIG
/biz/cap-de-la-vila-sitges-2,Sitges,SIG
/biz/restaurante-el-xalet-sitges,Sitges,SIG
/biz/rincon-gallego-sitges,Sitges,SIG
/biz/tribaldos-gonzalez-luis-javier-sitges,Sitges,SIG
/biz/pedrosa-sitges,Sitges,SIG
/biz/puig-carrero-puyol-sitges,Sitges,SIG
/biz/can-gregori-sitges,Sitges,SIG
/biz/el-arte-del-cafe-sitges,Sitges,SIG
/biz/beachburg-sitges,Sitges,SIG
/biz/esquerbo-sitges,Sitges,SIG
/biz/chai-sitges-2,Sitges,SIG
/biz/la-borda-sitges,Sitges,SIG
/biz/la-guineu-sitges,Sitges,SIG
/biz/la-trobada-sant-pere-de-ribes,Sitges,SIG
/biz/los-cazadores-sitges,Sitges,SIG
/biz/vilasalta-sitges,Sitges,SIG
/biz/la-granja-sitges,Sitges,SIG
/biz/big-als-smokehouse-sitges,Sitges,SIG
/biz/taj-mahal-sitges,Sitges,SIG
/biz/food-service-sitges-3,Sitges,SIG
/biz/can-vilalta-sitges,Sitges,SIG
/biz/la-barata-sitges,Sitges,SIG
/biz/dionisos-sitges,Sitges,SIG
/biz/karmela-sitges,Sitges,SIG
/biz/catalux-sitges,Sitges,SIG
/biz/la-tratto-sitges,Sitges,SIG
/biz/valentin-sanchez-sitges,Sitges,SIG
/biz/sunway-sitges-3,Sitges,SIG
/biz/luka-sandwich-studio-sitges,Sitges,SIG
/biz/acqua-sitges,Sitges,SIG
/biz/quick-meals-sitges,Sitges,SIG
/biz/monta%C3%B1o-campos-josefa-sitges-2,Sitges,SIG
/biz/le-sancergue-sitges,Sitges,SIG
/biz/yamuna-sitges-3,Sitges,SIG
/biz/crespo-garcia-gregorio-sitges,Sitges,SIG
/biz/telaitor-sitges-2,Sitges,SIG
/biz/pans-and-company-sitges,Sitges,SIG
/biz/taberna-el-bocha-sitges,Sitges,SIG
/biz/usaka-sitges,Sitges,SIG
/biz/moreno-major-17-sitges,Sitges,SIG
/biz/emtoval-s-c-p-sitges,Sitges,SIG
/biz/granja-bus-sant-pere-de-ribes,Sitges,SIG
/biz/greiner-creative-designes-sitges,Sitges,SIG
/biz/bar-slurp-sitges,Sitges,SIG
/biz/villa-lola-sitges,Sitges,SIG
/biz/restaurante-alenti-sitges,Sitges,SIG
/biz/listoresto-sitges,Sitges,SIG
/biz/la-caleta-sitges,Sitges,SIG
/biz/bi-franquires-sitges,Sitges,SIG
/biz/gonzalez-doral-francisco-sitges,Sitges,SIG
/biz/casa-vinyet-sant-pere-de-ribes,Sitges,SIG
/biz/la-torrada-sant-pere-de-ribes,Sitges,SIG
/biz/serveis-globals-de-vinicultura-i-alimentacio-sitges,Sitges,SIG
/biz/gelonch-rue-luis-sitges,Sitges,SIG
/biz/claudio-sitges,Sitges,SIG
/biz/summer-lounge-sitges,Sitges,SIG
/biz/can-porta-sitges,Sitges,SIG
/biz/el-donostiarra-bi-sitges,Sitges,SIG
/biz/cine-caf%C3%A9-sitges,Sitges,SIG
/biz/burger-king-barcelona-6,Sitges,SIG
/biz/tapas-sitges,Sitges,SIG
/biz/l-anxaneta-sant-pere-de-ribes,Sitges,SIG
/biz/ubrich-martinez-jose-sitges,Sitges,SIG
/biz/pizzer%C3%ADa-la-plaza-san-javier,San Javier,NA
/biz/venezuela-san-pedro-del-pinatar,San Javier,NA
/biz/el-trastero-san-pedro-del-pinatar,San Javier,NA
/biz/la-casa-del-reloj-san-pedro-del-pinatar,San Javier,NA
/biz/roshita-san-javier,San Javier,NA
/biz/meson-de-la-panocha-lo-pagan,San Javier,NA
/biz/restaurante-big-house-san-javier,San Javier,NA
/biz/el-hijo-del-rubio-lo-pagan,San Javier,NA
/biz/roblemar-restaurante-narejos,San Javier,NA
/biz/kfc-san-javier-murcia,San Javier,NA
/biz/costa-sur-san-pedro-del-pinatar-2,San Javier,NA
/biz/hotel-el-marino-santiago-de-la-ribera,San Javier,NA
/biz/el-palacio-san-javier,San Javier,NA
/biz/cycles-san-pedro-del-pinatar,San Javier,NA
/biz/miramar-la-ribera-santiago-de-la-ribera-3,San Javier,NA
/biz/mcdonalds-san-javier,San Javier,NA
/biz/7-sabores-santiago-de-la-ribera,San Javier,NA
/biz/el-rinc%C3%B3n-san-javier,San Javier,NA
/biz/bar-la-ca%C3%B1a-san-javier,San Javier,NA
/biz/el-marino-santiago-de-la-ribera,San Javier,NA
/biz/los-calderos-de-julia-san-javier,San Javier,NA
/biz/nicols-santiago-de-la-ribera,San Javier,NA
/biz/la-grajuela-san-javier,San Javier,NA
/biz/fosters-hollywood-san-javier,San Javier,NA
/biz/servicio-comidas-mundiales-grajuela,San Javier,NA
/biz/el-torero-santiago-de-la-ribera,San Javier,NA
/biz/pizzeria-la-caba%C3%B1a-san-pedro-del-pinatar-2,San Javier,NA
/biz/bellavista-san-javier,San Javier,NA
/biz/asador-la-dana-san-pedro-del-pinatar,San Javier,NA
/biz/lesley-food-san-javier,San Javier,NA
/biz/river-santiago-de-la-ribera,San Javier,NA
/biz/il-forno-di-carlo-san-pedro-del-pinatar,San Javier,NA
/biz/idolo-lounge-bar-san-pedro-del-pinatar-5,San Javier,NA
/biz/pardo-mase-lo-pagan,San Javier,NA
/biz/la-sombra-los-narejos,San Javier,NA
/biz/chiringuito-la-palmera-san-javier,San Javier,NA
/biz/marmitako-mar-menor-los-alc%C3%A1zares,San Javier,NA
/biz/fisa-restauracion-san-pedro-del-pinatar,San Javier,NA
/biz/andreu-martinez-jose-san-pedro-del-pinatar,San Javier,NA
/biz/trai%C3%B1a-san-pedro-del-pinatar,San Javier,NA
/biz/pardo-mase-san-pedro-del-pinatar,San Javier,NA
/biz/lopez-san-javier,San Javier,NA
/biz/explotaciones-el-reloj-san-pedro-del-pinatar,San Javier,NA
/biz/los-molinos-san-pedro-del-pinatar,San Javier,NA
/biz/jose-antonio-sanz-mercader-san-pedro-del-pinatar,San Javier,NA
/biz/acapulco-san-pedro-del-pinatar,San Javier,NA
/biz/bacchus-los-alc%C3%A1zares-2,San Javier,NA
/biz/jose-antonio-park-san-pedro-del-pinatar,San Javier,NA
/biz/el-paraiso-san-pedro-del-pinatar,San Javier,NA
/biz/patriher-san-pedro-del-pinatar,San Javier,NA
/biz/herrero-herrero-encarna-san-pedro-del-pinatar,San Javier,NA
/biz/jopeyar-san-pedro-del-pinatar,San Javier,NA
/biz/pelegri-quereda-josefa-lo-pagan,San Javier,NA
/biz/mu%C3%B1oz-cano-jose-antonio-san-javier-4,San Javier,NA
/biz/pizzeria-la-caba%C3%B1a-ii-lo-pagan,San Javier,NA
/biz/bar-aquilino-san-pedro-del-pinatar-2,San Javier,NA
/biz/la-llana-san-pedro-del-pinatar,San Javier,NA
/biz/norberto-tasande-hugo-santiago-de-la-ribera,San Javier,NA
/biz/casa-miguel-lo-pag%C3%A1n,San Javier,NA
/biz/pasta-san-javier,San Javier,NA
/biz/julia-marin-juan-antonio-san-pedro-del-pinatar,San Javier,NA
/biz/perez-perea-aurora-san-pedro-del-pinatar,San Javier,NA
/biz/garbanas-san-pedro-del-pinatar-2,San Javier,NA
/biz/hernandez-saura-sergio-jose-san-pedro-del-pinatar,San Javier,NA
/biz/recreativos-algesa-murcia,San Javier,NA
/biz/serrano-heredia-juan-ignacio-san-pedro-del-pinatar,San Javier,NA
/biz/surtel-comunicaciones-roda,San Javier,NA
/biz/sanchez-garrido-emilio-andres-san-pedro-del-pinatar,San Javier,NA
/biz/imperial-calpe,Calpe,CLP
/biz/capri-calpe-2,Calpe,CLP
/biz/abbis-calpe,Calpe,CLP
/biz/el-andaluz-calpe,Calpe,CLP
/biz/el-barco-calpe,Calpe,CLP
/biz/pizzeria-la-rusticana-calpe,Calpe,CLP
/biz/boomerang-steakhouse-calpe,Calpe,CLP
/biz/el-toro-calpe,Calpe,CLP
/biz/restaurante-rincon-de-calpe-calpe,Calpe,CLP
/biz/ca-poldo-calp,Calpe,CLP
/biz/la-vi%C3%B1a-de-calpe-calpe,Calpe,CLP
/biz/baydal-calp,Calpe,CLP
/biz/dracula-calp,Calpe,CLP
/biz/cafe-playa-calpe,Calpe,CLP
/biz/maui-beach-bar-calp,Calpe,CLP
/biz/la-porte%C3%B1a-calp,Calpe,CLP
/biz/oceanic-calpe,Calpe,CLP
/biz/punjabi-curry-calpe,Calpe,CLP
/biz/spasso-restaurante-pizzeria-calpe,Calpe,CLP
/biz/restaurante-la-casa-calpe,Calpe,CLP
/biz/el-cami%C3%B3n-calpe,Calpe,CLP
/biz/ni-hao-calp,Calpe,CLP
/biz/restaurante-timon-benissa,Calpe,CLP
/biz/bostons-calp,Calpe,CLP
/biz/the-everest-tandoori-calpe,Calpe,CLP
/biz/el-vikingo-bocateria-calpe,Calpe,CLP
/biz/rom%C3%A1ntica-calpe,Calpe,CLP
/biz/las-barcos-calpe,Calpe,CLP
/biz/puerto-ifach-calp,Calpe,CLP
/biz/saltea-restaurante-altea,Calpe,CLP
/biz/hong-kong-calpe,Calpe,CLP
/biz/china-town-2-calpe,Calpe,CLP
/biz/ca-joan-l-olla,Calpe,CLP
/biz/komfort-calp,Calpe,CLP
/biz/arenal-calpe,Calpe,CLP
/biz/wooping-calpe,Calpe,CLP
/biz/restaurant-phoenix-calpe,Calpe,CLP
/biz/puerto-blanco-calpe-2,Calpe,CLP
/biz/maryvilla-restaurante-maryvilla-73-san-antonio,Calpe,CLP
/biz/restaurante-la-capella-altea,Calpe,CLP
/biz/restaurante-playa-no-title,Calpe,CLP
/biz/el-faro-restaurant-y-bar-calpe,Calpe,CLP
/biz/xef-pirata-altea,Calpe,CLP
/biz/el-pincho-calp,Calpe,CLP
/biz/firenze-calpe,Calpe,CLP
/biz/pizzer%C3%ADa-campanari-calpe,Calpe,CLP
/biz/la-parada-calp,Calpe,CLP
/biz/los-dos-ca%C3%B1ones-calpe,Calpe,CLP
/biz/restaurante-oscar-san-antonio,Calpe,CLP
/biz/restaurant-oscar-maryvilla-28-san-antonio,Calpe,CLP
/biz/les-fouges-teulada,Calpe,CLP
/biz/el-croissant-de-calpe-calpe,Calpe,CLP
/biz/restaurante-antica-roma-calpe,Calpe,CLP
/biz/cervecer%C3%ADa-gambrinus-calpe,Calpe,CLP
/biz/mallol-altea,Calpe,CLP
/biz/t-pompierke-calpe,Calpe,CLP
/biz/la-polenta-teulada,Calpe,CLP
/biz/restaurante-bar-el-andaluz-calpe,Calpe,CLP
/biz/restaurante-casa-canto-benissa,Calpe,CLP
/biz/mamarosa-altea,Calpe,CLP
/biz/lockstock-bar-y-grill-altea,Calpe,CLP
/biz/casa-del-maco-benissa-2,Calpe,CLP
/biz/78-sabores-y-copas-calpe,Calpe,CLP
/biz/restaurante-los-jazmines-altea,Calpe,CLP
/biz/coral-beach-bay-benissa,Calpe,CLP
/biz/ca-toni-altea-la-vella,Calpe,CLP
/biz/restaurante-ca-pepe-teulada,Calpe,CLP
/biz/chiringuito-el-cranc-altea,Calpe,CLP
/biz/la-toka-calpe,Calpe,CLP
/biz/nou-mejia-calp,Calpe,CLP
/biz/restaurant-dgust-moraira,Calpe,CLP
/biz/audreys-calp,Calpe,CLP
/biz/oustau-altea,Calpe,CLP
/biz/bombay-grill-calpe,Calpe,CLP
/biz/meliton-jardin-altea,Calpe,CLP
/biz/kitsume-altea-2,Calpe,CLP
/biz/tasca-moraira-moraira,Calpe,CLP
/biz/casita-suiza-calpe,Calpe,CLP
/biz/restaurante-capricho-calp,Calpe,CLP
/biz/pedramala-benissa,Calpe,CLP
/biz/restaurante-el-portet-teulada,Calpe,CLP
/biz/tiroler-stuben-calpe-calpe,Calpe,CLP
/biz/hijos-de-ruta-calpe-calpe,Calpe,CLP
/biz/el-jabali-goloso-calpe,Calpe,CLP
/biz/brisa-andaluza-calpe,Calpe,CLP
/biz/churreria-azahar-cafeteria-altea,Calpe,CLP
/biz/restaurante-la-claudia-altea,Calpe,CLP
/biz/cafe-playa-calpe-2,Calpe,CLP
/biz/bodegon-de-pepe-altea,Calpe,CLP
/biz/restaurante-casa-el-pe%C3%B3n-de-pinos-benissa,Calpe,CLP
/biz/brasserie-belga-calpe,Calpe,CLP
/biz/restaurante-marhaba-moraira,Calpe,CLP
/biz/real-de-bernia-pinos,Calpe,CLP
/biz/le-dauphin-moraira-2,Calpe,CLP
/biz/verd-i-vent-xal%C3%B3-2,Calpe,CLP
/biz/arrocer%C3%ADa-maruja-calp,Calpe,CLP
/biz/restaurante-del-mar-teulada,Calpe,CLP
/biz/el-gabali-goloso-calpe,Calpe,CLP
/biz/la-picaeta-calp,Calpe,CLP
/biz/casa-eusebio-benissa,Calpe,CLP
/biz/restaurante-ca%C3%B1is-benissa,Calpe,CLP
/biz/euro-pizza-calpe-2,Calpe,CLP
/biz/taberna-marinera-terramaris-altea,Calpe,CLP
/biz/vivaldi-moraira,Calpe,CLP
/biz/casa-vital-altea,Calpe,CLP
/biz/el-castell-altea,Calpe,CLP
/biz/del-pescador-moraira,Calpe,CLP
/biz/meson-el-refugio-moraira,Calpe,CLP
/biz/restaurante-ca%C3%B1is-fanadix,Calpe,CLP
/biz/cafeter%C3%ADa-kiwi-calpe-2,Calpe,CLP
/biz/senses-altea,Calpe,CLP
/biz/el-chamizo-moraira,Calpe,CLP
/biz/tu-sitio-calpe,Calpe,CLP
/biz/el-bodega-de-pepe-altea,Calpe,CLP
/biz/tico-tico-moraira,Calpe,CLP
/biz/ca-la-iaia-teulada,Calpe,CLP
/biz/mandala-benissa,Calpe,CLP
/biz/cafeteria-kiwi-calpe,Calpe,CLP
/biz/el-perro-negro-la-nucia,Calpe,CLP
/biz/algas-teulada,Calpe,CLP
/biz/la-chata-calpe,Calpe,CLP
/biz/el-paseo-calpe,Calpe,CLP
/biz/casa-ripoll-altea-la-vieja,Calpe,CLP
/biz/chinatown-moraira,Calpe,CLP
/biz/lounge-cafe-lujuria-altea,Calpe,CLP
/biz/bar-tequilas-calpe,Calpe,CLP
/biz/plant-shack-altea,Calpe,CLP
/biz/gill-bautista-jose-san-gabriel,Calpe,CLP
/biz/xambel-moraira,Calpe,CLP
/biz/meson-granadino-altea,Calpe,CLP
/biz/el-pati-calpe,Calpe,CLP
/biz/bussola-altea,Calpe,CLP
/biz/william-bellamy-ian-calpe,Calpe,CLP
/biz/restaurante-antoniet-teulada-moraira,Calpe,CLP
/biz/pizzeria-garibaldi-calp,Calpe,CLP
/biz/el-cantal-calp,Calpe,CLP
/biz/arrozeria-entrepi%C3%B1os-benissa,Calpe,CLP
/biz/tango-calpe,Calpe,CLP
/biz/el-santo-calpe,Calpe,CLP
/biz/cafeteria-bar-bernia-altea,Calpe,CLP
/biz/fishy-fishy-moraira,Calpe,CLP
/biz/el-faro-calpe,Calpe,CLP
/biz/pato-pekin-fanadix-2,Calpe,CLP
/biz/miba-calpe,Calpe,CLP
/biz/la-fustera-benissa,Calpe,CLP
/biz/cambalache-dama-calpe,Calpe,CLP
/biz/l-olleta-altea,Calpe,CLP
/biz/fonts-virgelend-anzchelika-san-gabriel,Calpe,CLP
/biz/patagonia-san-gabriel,Calpe,CLP
/biz/tu-capricho-calp-2,Calpe,CLP
/biz/nou-caribe-calpe,Calpe,CLP
/biz/conmar-ifach-calpe,Calpe,CLP
/biz/mr-x-altea,Calpe,CLP
/biz/far%C3%A9-altea,Calpe,CLP
/biz/gomez-vallecillo-antonio-rafael-calpe,Calpe,CLP
/biz/las-olas-calpe,Calpe,CLP
/biz/guras-curry-house-cap-blanc,Calpe,CLP
/biz/el-canto-del-palasiet-altea,Calpe,CLP
/biz/casa-jorge-calp,Calpe,CLP
/biz/le-dauphin-teulada,Calpe,CLP
/biz/taberna-del-port-calpe,Calpe,CLP
/biz/casa-del-maco-benissa-3,Calpe,CLP
/biz/medina-sanchez-tomas-calpe,Calpe,CLP
/biz/restaurante-mirador-calpe,Calpe,CLP
/biz/la-barraca-altea,Calpe,CLP
/biz/paillotte-benissa,Calpe,CLP
/biz/libanesisches-restaurant-al-zaraq-benissa,Calpe,CLP
/biz/la-far%C3%A1ndula-altea-2,Calpe,CLP
/biz/tapas-gastro-bar-altea-2,Calpe,CLP
/biz/guirado-sanchez-bartolome-calpe,Calpe,CLP
/biz/taberna-griega-calpe,Calpe,CLP
/biz/alandalus-san-gabriel,Calpe,CLP
/biz/mama-leone-pizzeria-calpe,Calpe,CLP
/biz/shiva-calpe,Calpe,CLP
/biz/ruiz-alonso-julian-calpe,Calpe,CLP
/biz/sand-restaurant-moraira-2,Calpe,CLP
/biz/badmanners-altea,Calpe,CLP
/biz/restaurante-ana-calpe,Calpe,CLP
/biz/da-riccardo-de-maria-el-campello,Calpe,CLP
/biz/restaurante-zafiro-calpe,Calpe,CLP
/biz/la-bonbonniere-altea,Calpe,CLP
/biz/restaurent-atena-platja-del-arenal-bol,Calpe,CLP
/biz/pizzeria-mamma-leone-calp,Calpe,CLP
/biz/gusto-calpe,Calpe,CLP
/biz/cervecer%C3%ADa-cruz-blanca-villajoyosa,Calpe,CLP
/biz/monroes-carvery-moraira,Calpe,CLP
/biz/cafe-acacias-altea,Calpe,CLP
/biz/restaurante-la-familia-calpe,Calpe,CLP
/biz/as-de-oros-calp,Calpe,CLP
/biz/las-dos-perlas-moraira,Calpe,CLP
/biz/martinez-martinez-jacinto-eladio-calpe,Calpe,CLP
/biz/cafe-del-mar-moraira,Calpe,CLP
/biz/aoi-teppanyaki-moraira,Calpe,CLP
/biz/vista-ifach-moraira,Calpe,CLP
/biz/raco-de-toni-altea,Calpe,CLP
/biz/soleada-altea-la-vella,Calpe,CLP
/biz/asia-benitachell,Calpe,CLP
/biz/restaurante-buffet-japonese-calp,Calpe,CLP
/biz/restaurante-patio-de-la-fuente-dos-de-mayo-16-calpe,Calpe,CLP
/biz/restaurante-puerto-madero-calpe,Calpe,CLP
/biz/restaurante-pinos-ermita-de-pinos,Calpe,CLP
/biz/restaurante-ma%C3%B1et-teulada,Calpe,CLP
/biz/martin-basallote-jose-senija,Calpe,CLP
/biz/f%C3%A9nix-altea,Calpe,CLP
/biz/el-posit-alicante,Calpe,CLP
/biz/el-restaurante-del-swiss-teulada-2,Calpe,CLP
/biz/himalaya-tandoori-moraira-2,Calpe,CLP
/biz/ar-diamante-beach-spa-hotel-y-convention-centre-calp,Calpe,CLP
/biz/blue-waterfront-teulada,Calpe,CLP
/biz/torres-mauri-rosa-benissa,Calpe,CLP
/biz/magentable-altea-vella,Calpe,CLP
/biz/best-place-for-president-benissa,Calpe,CLP
/biz/belladonna-teulada,Calpe,CLP
/biz/vizcaino-benissa,Calpe,CLP
/biz/restaurante-cl%C3%A1sico-sergio-altea,Calpe,CLP
/biz/el-raco-bar-teulada,Calpe,CLP
/biz/resto-bar-sunset-altea,Calpe,CLP
/biz/beniasia-calpe,Calpe,CLP
/biz/vista-bernia-benissa,Calpe,CLP
/biz/borgo-antico-restaurante-pizzeria-calpe,Calpe,CLP
/biz/bar-gourmand-felix-altea,Calpe,CLP
/biz/la-fosa-calp,Calpe,CLP
/biz/hermanos-crisostomo-rada-moraira,Calpe,CLP
/biz/pizzeria-bellini-altea,Calpe,CLP
/biz/upakar-calpe,Calpe,CLP
/biz/restaurante-bellini-altea,Calpe,CLP
/biz/dalmau-teulada,Calpe,CLP
/biz/la-boheme-moraira,Calpe,CLP
/biz/el-nido-teulada,Calpe,CLP
/biz/stromboli-altea,Calpe,CLP
/biz/la-d%C3%A1rsena-castro-urdiales-2,Castro Urdiales,URD
/biz/el-pedregal-castro-urdiales,Castro Urdiales,URD
/biz/el-segoviano-castro-urdiales,Castro Urdiales,URD
/biz/bar-javi-castro-urdiales,Castro Urdiales,URD
/biz/irish-pub-o-connors-castro-urdiales,Castro Urdiales,URD
/biz/serman-castro-urdiales,Castro Urdiales,URD
/biz/oasis-castro-urdiales,Castro Urdiales,URD
/biz/restaurante-gambrinus-castro-urdiales,Castro Urdiales,URD
/biz/brasserie-turcanu-castro-urdiales,Castro Urdiales,URD
/biz/meson-el-marinero-castro-urdiales,Castro Urdiales,URD
/biz/ostende-castro-urdiales-2,Castro Urdiales,URD
/biz/la-cierbanata-castro-urdiales,Castro Urdiales,URD
/biz/nuevo-siglo-castro-urdiales,Castro Urdiales,URD
/biz/pergola-castro-urdiales,Castro Urdiales,URD
/biz/di-stefano-castro-urdiales,Castro Urdiales,URD
/biz/mandarina-garden-castro-urdiales-castro-urdiales,Castro Urdiales,URD
/biz/chocolateria-la-porra-castro-urdiales,Castro Urdiales,URD
/biz/el-puerto-de-santa-mar%C3%ADa-castro-urdiales,Castro Urdiales,URD
/biz/los-templarios-castro-urdiales,Castro Urdiales,URD
/biz/zheng-zheng-guohong-castro-urdiales,Castro Urdiales,URD
/biz/la-kaloka-castro-urdiales,Castro Urdiales,URD
/biz/roca-mar-castro-urdiales,Castro Urdiales,URD
/biz/la-arboleda-castro-urdiales,Castro Urdiales,URD
/biz/la-lecheria-de-castro-castro-urdiales,Castro Urdiales,URD
/biz/gastrobar-amarras-castro-urdiales,Castro Urdiales,URD
/biz/juan-garcia-garcia-castro-urdiales,Castro Urdiales,URD
/biz/juvina-2006-castro-urdiales,Castro Urdiales,URD
/biz/bristol-castro-urdiales,Castro Urdiales,URD
/biz/don-quijote-castro-urdiales,Castro Urdiales,URD
/biz/castro-pizza-castro-urdiales,Castro Urdiales,URD
/biz/saltacaballo-castro-urdiales,Castro Urdiales,URD
/biz/salvarrey-arredondo-luis-miguel-castro-urdiales,Castro Urdiales,URD
/biz/restaurante-aitone-castro-urdiales,Castro Urdiales,URD
/biz/ibarbia-castro-urdiales,Castro Urdiales,URD
/biz/jose-ramon-brizuela-llarena-castro-urdiales,Castro Urdiales,URD
/biz/restauracion-tenis-castro-urdiales-2,Castro Urdiales,URD
/biz/joaquin-elias-calvo-sarabia-castro-urdiales,Castro Urdiales,URD
/biz/narallivara-castro-urdiales,Castro Urdiales,URD
/biz/bar-laser-castro-urdiales,Castro Urdiales,URD
/biz/martinez-casas-roberto-castro-urdiales,Castro Urdiales,URD
/biz/montoro-castro-urdiales,Castro Urdiales,URD
/biz/castro-pizza-castro-urdiales-2,Castro Urdiales,URD
/biz/il-re-di-napoli-castro-urdiales,Castro Urdiales,URD
/biz/pizzatron-castro-urdiales,Castro Urdiales,URD
/biz/chiringuito-punta-cotolino-castro-urdiales,Castro Urdiales,URD
/biz/sidreria-marcelo-castro-urdiales,Castro Urdiales,URD
/biz/renedo-castro-urdiales,Castro Urdiales,URD
/biz/ainoha-asador-castro-urdiales,Castro Urdiales,URD
/biz/meatzari-muskiz,Castro Urdiales,URD
/biz/la-pe%C3%B1a-mio%C3%B1o,Castro Urdiales,URD
/biz/zul-08-castro-urdiales,Castro Urdiales,URD
/biz/cafeteria-riomar-castro-urdiales,Castro Urdiales,URD
/biz/la-arboleda-castro-urdiales-2,Castro Urdiales,URD
/biz/burger-king-castro-urdiales,Castro Urdiales,URD
/biz/garay-martinez-gloria-castro-urdiales,Castro Urdiales,URD
/biz/la-fabrica-de-juan-playa-de-la-arena,Castro Urdiales,URD
/biz/los-chelines-castro-urdiales,Castro Urdiales,URD
/biz/rios-fernandez-silvestre-castro-urdiales,Castro Urdiales,URD
/biz/elibe-castro-urdiales,Castro Urdiales,URD
/biz/la-casona-de-la-abuela-b-%C2%BA-ota%C3%B1es-135-ota%C3%B1es-2,Castro Urdiales,URD
/biz/telepizza-castro-urdiales,Castro Urdiales,URD
/biz/restaurante-el-manco-castro-urdiales,Castro Urdiales,URD
/biz/asador-erillo-islares,Castro Urdiales,URD
/biz/grupo-de-restauracion-royal-pizza-castro-urdiales,Castro Urdiales,URD
/biz/adicrot-ota%C3%B1es-2,Castro Urdiales,URD
/biz/el-haya-ont%C3%B3n-2,Castro Urdiales,URD
/biz/president-castro-urdiales,Castro Urdiales,URD
/biz/restaurante-barbadun-muskiz,Castro Urdiales,URD
/biz/glorieta-nova-santa-pola,Santa Pola,SNP
/biz/batiste-santa-pola-2,Santa Pola,SNP
/biz/los-curros-santa-pola,Santa Pola,SNP
/biz/el-capitan-santa-pola,Santa Pola,SNP
/biz/narcea-restaurante-pulperia-santa-pola,Santa Pola,SNP
/biz/fontana-de-trevi-santa-pola,Santa Pola,SNP
/biz/el-rodaballo-santa-pola,Santa Pola,SNP
/biz/krishna-indian-restaurant-santa-pola,Santa Pola,SNP
/biz/celestino-y-maria-santa-pola,Santa Pola,SNP
/biz/la-lomoteca-santa-pola,Santa Pola,SNP
/biz/glorieta-nova-santa-pola,Santa Pola,SNP
/biz/batiste-santa-pola-2,Santa Pola,SNP
/biz/los-curros-santa-pola,Santa Pola,SNP
/biz/el-capitan-santa-pola,Santa Pola,SNP
/biz/narcea-restaurante-pulperia-santa-pola,Santa Pola,SNP
/biz/fontana-de-trevi-santa-pola,Santa Pola,SNP
/biz/el-rodaballo-santa-pola,Santa Pola,SNP
/biz/krishna-indian-restaurant-santa-pola,Santa Pola,SNP
/biz/celestino-y-maria-santa-pola,Santa Pola,SNP
/biz/la-lomoteca-santa-pola,Santa Pola,SNP
/biz/lungo-mare-elche,Santa Pola,SNP
/biz/casa-del-mar-santa-pola-2,Santa Pola,SNP
/biz/caf%C3%A9-paris-santa-pola-2,Santa Pola,SNP
/biz/la-mona-13-santa-pola,Santa Pola,SNP
/biz/la-paletta-gran-alacant,Santa Pola,SNP
/biz/la-dolce-vita-santa-pola,Santa Pola,SNP
/biz/don-chuco-zamora,Santa Pola,SNP
/biz/calipso-santa-pola,Santa Pola,SNP
/biz/la-finca-elche,Santa Pola,SNP
/biz/buenisimo-santa-pola,Santa Pola,SNP
/biz/el-faro-santa-pola,Santa Pola,SNP
/biz/la-parmiggiana-santa-pola,Santa Pola,SNP
/biz/currican-santa-pola,Santa Pola,SNP
/biz/el-veintiseis-alicante,Santa Pola,SNP
/biz/tartaros-santa-pola,Santa Pola,SNP
/biz/ohana-monte-faro,Santa Pola,SNP
/biz/tuttis-gran-alacant,Santa Pola,SNP
/biz/che-que-bo-santa-pola-2,Santa Pola,SNP
/biz/lopez-fuentes-ramon-santiago-santa-pola,Santa Pola,SNP
/biz/restaurante-monta%C3%B1es-santa-pola-santa-pola-2,Santa Pola,SNP
/biz/fragola-e-cioccolato-santa-pola,Santa Pola,SNP
/biz/martinez-piedecausa-maria-loreta-santa-pola-2,Santa Pola,SNP
/biz/anduphone-santa-pola-3,Santa Pola,SNP
/biz/baptiste-santa-pola,Santa Pola,SNP
/biz/sue%C3%B1o-azul-monte-faro,Santa Pola,SNP
/biz/la-gondola-santa-pola,Santa Pola,SNP
/biz/restaurante-bellavista-arenales-del-sol-2,Santa Pola,SNP
/biz/martinez-monera-manuel-santa-pola,Santa Pola,SNP
/biz/molina-sempere-carmen-santa-pola,Santa Pola,SNP
/biz/brisa-del-levante-santa-pola,Santa Pola,SNP
/biz/nortes-ruiz-jose-santa-pola,Santa Pola,SNP
/biz/don-jeronimo-santa-pola,Santa Pola,SNP
/biz/sushi-y-tapas-santa-pola,Santa Pola,SNP
/biz/casa-juan-santa-pola,Santa Pola,SNP
/biz/playa-santa-pola,Santa Pola,SNP
/biz/pollos-adelina-santa-pola-2,Santa Pola,SNP
/biz/monteserin-lopez-antonio-santa-pola,Santa Pola,SNP
/biz/nortes-ruiz-jesus-santa-pola,Santa Pola,SNP
/biz/casa-garcia-santa-pola,Santa Pola,SNP
/biz/chacopino-iba%C3%B1ez-rafael-santa-pola-2,Santa Pola,SNP
/biz/casa-rico-santa-pola,Santa Pola,SNP
/biz/baile-rodriguez-francisco-santa-pola,Santa Pola,SNP
/biz/baile-rodriguez-francisco-santa-pola-2,Santa Pola,SNP
/biz/gutierrez-caballero-jose-santa-pola,Santa Pola,SNP
/biz/bou-gonzalez-vicente-jose-santa-pola,Santa Pola,SNP
/biz/hostel-galicia-elche,Santa Pola,SNP
/biz/la-terraza-santa-pola,Santa Pola,SNP
/biz/sempere-juan-maria-teresa-santa-pola,Santa Pola,SNP
/biz/arroces-y-m%C3%A1s-el-chorris-santa-pola,Santa Pola,SNP
/biz/laico-santa-pola,Santa Pola,SNP
/biz/cano-jarrin-carlos-ignacio-santa-pola,Santa Pola,SNP
/biz/restaurante-miano-gonzalez-vicen-21-santa-pola,Santa Pola,SNP
/biz/monta%C3%B1es-especialidad-santa-pola,Santa Pola,SNP
/biz/dos-hermanos-santa-pola,Santa Pola,SNP
/biz/sierra-fernandez-jose-santa-pola,Santa Pola,SNP
/biz/teresa-juan-garcia-y-otros-cdad-santa-pola,Santa Pola,SNP
/biz/tourist-pull-santa-pola-2,Santa Pola,SNP
/biz/nankin-ii-santa-pola,Santa Pola,SNP
/biz/mc-donald-santa-pola,Santa Pola,SNP
/biz/nortes-ruiz-jose-santa-pola-2,Santa Pola,SNP
/biz/jurado-perez-maria-josefa-santa-pola,Santa Pola,SNP
/biz/laxmi-y-sons-santa-pola,Santa Pola,SNP
/biz/compa%C3%B1ia-de-restauracion-astillero-santa-pola-3,Santa Pola,SNP
/biz/la-matera-santa-pola,Santa Pola,SNP
/biz/restaurante-amparin-isla-de-tabarca,Santa Pola,SNP
/biz/venta-vista-alegre-santa-pola,Santa Pola,SNP
/biz/la-sal-santa-pola,Santa Pola,SNP
/biz/castro-cabezas-adolfo-jose-santa-pola,Santa Pola,SNP
/biz/gallego-elche,Santa Pola,SNP
/biz/mes%C3%B3n-j-latorre-los-arenales-del-sol,Santa Pola,SNP
/biz/the-belfry-santa-pola,Santa Pola,SNP
/biz/pizzeria-lugano-santa-pola,Santa Pola,SNP
/biz/la-masia-de-chencho-elche,Santa Pola,SNP
/biz/the-gallery-gran-alacant,Santa Pola,SNP
/biz/fosters-hollywood-santa-pola,Santa Pola,SNP
/biz/bar-quesada-santa-pola,Santa Pola,SNP
/biz/hijos-de-bienvenido-playa-2003-santa-pola,Santa Pola,SNP
/biz/escudero-casanova-trinidad-santa-pola,Santa Pola,SNP
/biz/vicedo-linares-edilberto-juan-santa-pola,Santa Pola,SNP
/biz/bar-mediterr%C3%A1neo-san-francisco-de-asis,Santa Pola,SNP
/biz/ortiz-sempere-joaquin-santa-pola,Santa Pola,SNP
/biz/lopez-aviles-francisca-santa-pola,Santa Pola,SNP
/biz/la-tonaira-isla-de-tabarca,Santa Pola,SNP
/biz/ecus-santa-pola,Santa Pola,SNP
/biz/avenida-2-san-francisco-de-asis,Santa Pola,SNP
/biz/casa-yolanda-santa-pola,Santa Pola,SNP
/biz/patagonia-steak-house-monte-faro,Santa Pola,SNP
/biz/the-leprechaun-bar-santa-pola,Santa Pola,SNP
/biz/abrevadero-tabarca,Santa Pola,SNP
/biz/el-texicano-santa-pola,Santa Pola,SNP
/biz/freiduria-el-puerto-santa-pola,Santa Pola,SNP
/biz/tomas-elvira-pedro-poligono-industrial,Santa Pola,SNP
/biz/casa-gloria-alacant-3,Santa Pola,SNP
/biz/la-taberna-puerto-marino,Santa Pola,SNP
/biz/dream-corner-monte-faro,Santa Pola,SNP
/biz/meson-santa-pola,Santa Pola,SNP
/biz/los-belgas-santa-pola,Santa Pola,SNP
/biz/rountree-y-leader-santa-pola,Santa Pola,SNP
/biz/ben-kelmoun-ghislaile-santa-pola,Santa Pola,SNP
/biz/kebab-y-pizza-elche,Santa Pola,SNP
